video_id,title,channel_title,published_at,view_count,like_count,comment_count,activity,query
YgaUxFOPpg4,Ultimate Frisbee Top 10 Plays | 2025 UFA season,UFA Ultimate Frisbee Association,2025-08-29T14:47:29Z,454475,2943,76,Ultimate,ultimate frisbee
vs_emRoUMhE,Want to Throw A Frisbee Better? Use These 3 Tips! Day 13 of #lockedinfortheholidays,Tannon Hedges,2022-12-14T03:03:01Z,47265,1183,15,Ultimate,ultimate frisbee
o8q7auLARMQ,INSANE catch by Pittsburgh’s Tristan Yarter! #highlights #frisbee,Ultiworld - Ultimate Frisbee,2024-11-10T21:22:57Z,138328249,2778770,9193,Ultimate,ultimate frisbee
LucHSgsnAWU,Top 10 Plays | Week 3 | Pro Frisbee,UFA Ultimate Frisbee Association,2026-05-13T02:41:03Z,2629,64,2,Ultimate,ultimate frisbee
QQlyrXdStK0,United States vs. Canada (Mixed Final) | 2025 U-24 World Championships,Ultiworld - Ultimate Frisbee,2025-07-01T22:31:32Z,73859,593,34,Ultimate,ultimate frisbee
YkMMqOUNyKk,How to Play Ultimate Frisbee for Beginners,Excel Ultimate,2017-04-07T14:57:38Z,596918,3086,236,Ultimate,ultimate frisbee
umdGjsdsQQ8,"Some of the greatest ultimate frisbee plays 😳 (via @theaudl, @ultiworld/TT) #shorts",ESPN,2024-07-26T16:39:32Z,1228670,25232,169,Ultimate,ultimate frisbee
BGcyROTjW58,One does not simply layout D the Cardenas Twins,Ultiworld - Ultimate Frisbee,2024-07-05T15:44:48Z,43653198,653206,334,Ultimate,ultimate frisbee
mrIKy1g3o3k,Universe Point: UCSD vs. Western Washington,Ultiworld - Ultimate Frisbee,2026-03-05T14:30:00Z,2519,31,1,Ultimate,ultimate frisbee
fJYJXx1QRpw,"DC Breeze at New York Empire | FULL GAME HIGHLIGHTS | May 10, 2026",UFA Ultimate Frisbee Association,2026-05-11T01:37:00Z,9007,254,29,Ultimate,ultimate frisbee
uIQWBaBPN9U,"Philadelphia Phoenix at Carolina Flyers | FULL GAME HIGHLIGHTS | May 9, 2026",UFA Ultimate Frisbee Association,2026-05-12T22:35:33Z,1475,40,2,Ultimate,ultimate frisbee
KhCADyYDVyQ,How To Play Ultimate Frisbee,UFA Ultimate Frisbee Association,2025-01-09T15:34:41Z,50808,489,13,Ultimate,ultimate frisbee
lab2m7KD0Zs,Some of the best ultimate frisbee catches 😳,ESPN,2022-08-30T02:15:00Z,347694,12250,97,Ultimate,ultimate frisbee
M3Dcet5xx60,How To Throw a Frisbee Like a Pro 🥏🔥,Daily Facts,2025-09-27T01:19:16Z,1666583,33333,64,Ultimate,ultimate frisbee
JCmL4SsVXYY,Most Common Throwing Mistakes in Ultimate Frisbee,Rowan McDonnell,2019-08-15T15:00:02Z,227977,4887,124,Ultimate,ultimate frisbee
xND9UGzTNTk,How to Throw a Frisbee (Forehand Grip) #ultimatefrisbee #frisbee #usaultimate,Kurt Gibson,2024-12-24T17:01:02Z,530723,8054,45,Ultimate,ultimate frisbee
UnNUEvs2Ev0,The Rules of Ultimate Frisbee (Ultimate) - EXPLAINED!,Ninh Ly,2015-05-15T19:00:01Z,1092158,13535,724,Ultimate,ultimate frisbee
c0b_B8gz0Js,United States vs. Belgium (Open Final) | 2025 U-24 World Championships,Ultiworld - Ultimate Frisbee,2025-07-01T22:31:09Z,91554,801,51,Ultimate,ultimate frisbee
tkxBDG6Ga-w,"These ultimate frisbee plays are insane (via @theaudl, ultiworld/IG) #shorts",SportsNation,2023-03-29T19:00:20Z,255502,8337,47,Ultimate,ultimate frisbee
MVzcMzR6EJY,Most Iconic Ultimate Frisbee Plays (2013-2023),UFA Ultimate Frisbee Association,2023-12-04T20:38:22Z,203496,1842,57,Ultimate,ultimate frisbee
jY2CKBrUgfI,🥏🎓 Ultimate frisbee explained!,UFA Ultimate Frisbee Association,2023-01-30T16:32:45Z,202300,7805,102,Ultimate,ultimate frisbee
sJhS3Kd_vUg,Practicing forehand throwing form 💯,UFA Ultimate Frisbee Association,2025-03-24T14:47:27Z,77156,1077,7,Ultimate,ultimate frisbee
UGQ3bvdPYiE,How to throw a flick in ultimate frisbee!!! #shorts #frisbee #ultimatefrisbee,TP3,2023-07-19T19:44:20Z,178867,4845,61,Ultimate,ultimate frisbee
TPsFS0R4jeE,10 Ways to Catch a Frisbee,That's Amazing Shorts,2024-10-24T14:32:01Z,769750,8512,48,Ultimate,ultimate frisbee
V91irPU1dZA,2022 Pro Ultimate Frisbee Marques Brownlee highlights,UFA Ultimate Frisbee Association,2023-01-09T21:48:08Z,514464,5362,310,Ultimate,ultimate frisbee
xuBkDDL72xU,United States vs. Belgium | Open Gold Medal Match | 2025 World Beach Ultimate Championships,Ultiworld - Ultimate Frisbee,2025-11-22T14:17:32Z,29898,319,13,Beach Ultimate,beach ultimate
_C0VTW0NCp8,United States vs. Germany (Mixed Quarterfinal) | 2025 World Beach Ultimate Championships,Ultiworld - Ultimate Frisbee,2025-11-20T12:21:03Z,20477,261,35,Beach Ultimate,beach ultimate
w-t6gUXuYu4,"The Beaches, Disney - Ultimate (From &quot;Freakier Friday&quot;/Audio Only)",DisneyMusicVEVO,2025-08-01T04:02:00Z,78518,843,0,Beach Ultimate,beach ultimate
eqGqASVEQ7Q,Clutch bid! 🔥 #beachultimate #ultimatefrisbee #wfdf #pfda #surftownbeachultimate2024,Rusty Jaravata,2024-12-04T02:30:28Z,3759486,42159,14,Beach Ultimate,beach ultimate
XG2SDelOSOA,🥵🔥#highlights #ultimatefrisbee #beachultimate #boracayisland #frisbee #viral,Rusty Jaravata,2025-03-18T02:48:32Z,16907,138,1,Beach Ultimate,beach ultimate
FlbieuEEJGs,Best Of World Beach Championships Pool Play 2025,Ultiworld - Ultimate Frisbee,2025-11-20T08:27:27Z,5519,68,10,Beach Ultimate,beach ultimate
AEoEJqYbHWs,Great Britain vs. Spain (Open) &amp; Canada vs. Great Britain (Women&#39;s) | 2023 WBUC,Ultiworld - Ultimate Frisbee,2023-11-03T20:09:32Z,9285,58,1,Beach Ultimate,beach ultimate
Akd_82_Uh-g,Canada vs. United States | Women&#39;s Final | WBUC 2023,Ultiworld - Ultimate Frisbee,2023-11-08T18:24:01Z,5637,46,0,Beach Ultimate,beach ultimate
zjGas1Tfc70,Canada vs. Belgium | Open Pool Play | 2025 World Beach Ultimate Championships,Ultiworld - Ultimate Frisbee,2025-11-17T09:40:08Z,15299,138,3,Beach Ultimate,beach ultimate
bitzFckNHYs,United States vs. Netherlands | Women&#39;s Gold Medal Match | 2025 World Beach Ultimate Championships,Ultiworld - Ultimate Frisbee,2025-11-22T15:48:53Z,13043,73,9,Beach Ultimate,beach ultimate
SkgZQG51cHc,France vs. United States - Mixed SemiFinal - WBUC 2023,World Flying Disc Federation,2024-09-25T21:35:46Z,7756,114,7,Beach Ultimate,beach ultimate
ltTW7jGJde8,Spain vs. Germany | Mixed Semifinal | 2025 Club Championships,Ultiworld - Ultimate Frisbee,2025-11-21T12:01:20Z,12264,118,2,Beach Ultimate,beach ultimate
8wHVI396KEk,Canada vs. Netherlands | Women&#39;s Semifinal | 2025 World Beach Ultimate Championships,Ultiworld - Ultimate Frisbee,2025-11-21T14:51:20Z,7280,43,8,Beach Ultimate,beach ultimate
6G7slq1Gp3I,This is Why we play Beach Ultimate,ulti.TV,2025-02-28T14:00:08Z,5946,135,0,Beach Ultimate,beach ultimate
aO206FadVQU,Spain vs. Australia | Open Pool Play | 2025 World Beach Ultimate Championships,Ultiworld - Ultimate Frisbee,2025-11-18T15:32:42Z,7309,73,3,Beach Ultimate,beach ultimate
HgAMP-jnobI,Japan vs. Portugal | Mixed Pool Play | 2025 World Beach Ultimate Championships,Ultiworld - Ultimate Frisbee,2025-11-16T11:41:39Z,19985,209,11,Beach Ultimate,beach ultimate
0XvJcTCeRn0,The World Beach Ultimate Championships Are Underway!,Ultiworld - Ultimate Frisbee,2023-11-02T19:14:40Z,6710,121,1,Beach Ultimate,beach ultimate
Kl4_okjebXQ,Adjusting to Beach Ultimate: What Elite Players Forget,Hive Ultimate,2025-11-15T19:49:42Z,4949,96,3,Beach Ultimate,beach ultimate
NoPAtjLGu_M,Canada vs. United States | Open Semifinal | 2023 World Beach Ultimate Championships,Ultiworld - Ultimate Frisbee,2023-11-04T19:10:55Z,24310,161,10,Beach Ultimate,beach ultimate
RycyHAbbYMU,How to play Beach Ultimate,Beach Ultimate,2016-05-18T20:44:01Z,22954,98,2,Beach Ultimate,beach ultimate
HqlS4eJQqiM,Catch The World Beach Ultimate Championships on YouTube and Ultiworld.com #beach #ultimatefrisbee,Ultiworld - Ultimate Frisbee,2025-11-17T14:31:01Z,59053,546,9,Beach Ultimate,beach ultimate
gu7IqkkoaRo,Spain vs. France | Mixed Final | WBUC 2023,Ultiworld - Ultimate Frisbee,2023-11-08T18:23:59Z,11668,112,8,Beach Ultimate,beach ultimate
ib4EESnFxbQ,Watch the World Beach Ultimate Championships on Ultiworld and YouTube!,Ultiworld - Ultimate Frisbee,2025-11-21T10:01:14Z,19163,276,4,Beach Ultimate,beach ultimate
2uDmGT3R4iI,Great Britain vs. Germany | Women&#39;s Pool Play | 2025 World Beach Ultimate Championships,Ultiworld - Ultimate Frisbee,2025-11-17T11:11:11Z,6385,45,3,Beach Ultimate,beach ultimate
9iUmMu4e8wk,YAKA vs JETS - Demi-Finale - Championnats de France de Beach Ultimate 2021 - FFFD,Fédération Française de Flying Disc FFFD,2021-10-13T10:48:27Z,1099,14,0,Beach Ultimate,beach ultimate
C2h7TeLiDnA,How to Play Goaltimate,Cartographic Productions,2016-08-23T01:50:26Z,23565,143,13,Goaltimate,goaltimate
5YQqia88YWw,Goaltimate Nationals Highlights Day 1,Ultiworld - Ultimate Frisbee,2025-04-13T02:04:54Z,7571,78,8,Goaltimate,goaltimate
eu_2QceVWAo,Best of Goaltimate Nationals,Ultiworld - Ultimate Frisbee,2026-03-24T19:51:31Z,4524,62,2,Goaltimate,goaltimate
ot6KcUow_Rk,How To Play Goalty - World Goaltimate Association,World Goaltimate Association,2024-01-05T04:04:43Z,2346,36,0,Goaltimate,goaltimate
IagBUUcRqWo,Austin vs. Boston | Men&#39;s Final | 2024 Goaltimate National Championships,Ultiworld - Ultimate Frisbee,2024-04-17T15:45:27Z,12594,88,3,Goaltimate,goaltimate
WCrtZn97GHk,Goalty Screens 101 - Goaltimate Screening Demystified,World Goaltimate Association,2026-01-22T02:12:56Z,81,6,0,Goaltimate,goaltimate
P_HpWz0PObA,Goaltimate Nationals Highlights,Ultiworld - Ultimate Frisbee,2025-04-14T19:52:32Z,30886,438,3,Goaltimate,goaltimate
3KuwVfWj--w,Seattle vs. Boston | Men&#39;s Semifinal | 2024 Goaltimate National Championships,Ultiworld - Ultimate Frisbee,2024-04-17T15:45:32Z,4158,30,1,Goaltimate,goaltimate
7I-GjvGRZXc,"Goaltimate Strategy Part 1: Defensive basics, scoring opportunities.",Disc i,2025-11-16T05:10:46Z,109,0,0,Goaltimate,goaltimate
tEHVq1PeSL4,New Orleans vs. Madison | Woman-Matching Quarterfinal | 2026 Goaltimate Nationals,Ultiworld - Ultimate Frisbee,2026-03-23T04:11:09Z,1261,11,0,Goaltimate,goaltimate
HrjJUHKmS10,Vegas Goaltimate Week One Viva La Hoopas vs La Vig!,Hawaii Goaltimate,2026-01-16T15:33:12Z,262,9,4,Goaltimate,goaltimate
KnmeKUrIy8Y,Boston vs. Austin | Man Matching Final | 2026 Goaltimate Nationals,Ultiworld - Ultimate Frisbee,2026-03-31T16:00:00Z,4317,37,4,Goaltimate,goaltimate
e4FZsUHNHAo,Goaltimate Nationals Highlights Day 2,Ultiworld - Ultimate Frisbee,2025-04-14T19:51:17Z,4518,43,1,Goaltimate,goaltimate
nByyyC2YIEQ,Goaltimate Nationals 2026 - Semis - Scrubs vs Main Branch,Austin Ultimate Frisbee Clips,2026-03-24T12:11:33Z,66,1,0,Goaltimate,goaltimate
dmU5aDLP1Ws,Ultimate Goaltimate Championship ALL STAR GAME ft. Rowan McDonnell,Hawaii Goaltimate,2024-02-01T01:33:24Z,1664,25,5,Goaltimate,goaltimate
zXWuI4VgHB0,#GOALTIMATE CATCH OF THE YEAR early entry 2024! #frisbee #ultimatefrisbee #hawaii #disc #catch #girl,Hawaii Goaltimate,2024-02-07T04:09:49Z,5315,114,6,Goaltimate,goaltimate
L1cTOZM1NAU,What Is Goaltimate in Ultimate Frisbee?,ExpertVillage Leaf Group,2020-12-19T11:16:22Z,1142,6,1,Goaltimate,goaltimate
c1K7gOs8B-s,2024 Goaltimate Nationals Highlights,Ultiworld - Ultimate Frisbee,2024-04-06T17:33:14Z,7299,76,9,Goaltimate,goaltimate
Lf89TsqZXW8,Kansas City vs. Texas | Women&#39;s Final | 2024 Goaltimate National Championships,Ultiworld - Ultimate Frisbee,2024-04-17T15:45:29Z,2121,11,1,Goaltimate,goaltimate
VHvGeaVc-0c,Goaltimate Nationals 2024 - Pre-Quarters - SCRUBS (Austin) vs pdx (Portland),Austin Ultimate Frisbee Clips,2024-03-27T23:43:32Z,120,0,0,Goaltimate,goaltimate
2cV7krfxUpg,Goaltimate Nationals 2025 - SCRUBS vs 303,Austin Ultimate Frisbee Clips,2025-04-13T00:11:10Z,89,0,0,Goaltimate,goaltimate
vJE92_wdH8M,Goaltimate Nationals 2026 - Scrubs vs Swingin&#39; Friars,Austin Ultimate Frisbee Clips,2026-03-24T12:10:45Z,21,0,0,Goaltimate,goaltimate
fYX9XZioMb8,Mixed Goaltimate Nationals 2024 - ACD vs Bae Blades,Austin Ultimate Frisbee Clips,2025-01-22T16:27:00Z,92,1,0,Goaltimate,goaltimate
RSf1WODzrCM,MXD Goaltimate Nationals Finals - Seattle Co-ed Clunkers vs. Bay Area Roommates,Garrett Bush,2025-04-04T22:42:14Z,797,20,0,Goaltimate,goaltimate
3IT_jXpQqco,GOALTIMATE the sweet SCIENCE! #goaltimate #ultimatefrisbee #frisbee #hawaii #disc #southpaw #goalty,Hawaii Goaltimate,2024-02-08T13:38:32Z,12830,97,5,Goaltimate,goaltimate
FikMDjtlA4I,USA Ultimate - How to Play Hot Box Game,Funk Skunk,2013-04-27T16:22:27Z,14206,23,0,Hot Box,hot box frisbee
u0IEpcnUsqQ,Hot Box Frisbee,Media Milwaukee,2015-12-29T23:57:32Z,3542,7,NA,Hot Box,hot box frisbee
oye2Awd_UOE,Hot Box instruction,SkillfulPug,2023-10-17T18:08:25Z,283,0,0,Hot Box,hot box frisbee
jhU7DMJJOhI,Hot box Frisbee game (3 vs 2)- GoPro 8 -FULL HD,Tasim Is,2020-10-23T20:01:27Z,573,3,0,Hot Box,hot box frisbee
ThUqZdpZiL4,Jeju Ultimate: Video 1 Hot Box Highlights,Jacob Gentz,2012-09-21T01:03:16Z,1400,6,0,Hot Box,hot box frisbee
AF_ozvLAKps,His Frisbee Skills Are Insane (@frisbeeyourself),FitFix ,2024-08-31T14:00:09Z,348653,10044,133,Hot Box,hot box frisbee
wmOkXYC_vS0,Ultimate mode d&#39;emploi : Les Exercices,Fédération Française de Flying Disc FFFD,2011-02-03T10:31:59Z,97922,362,6,Hot Box,hot box frisbee
iI49xWzJ5U4,Today it&#39;s OUTSIDE the Hot Box! A very special episode!,Andrew Wehrlen (ABW Voice Overs),2017-09-09T21:15:34Z,43,0,0,Hot Box,hot box frisbee
mGnTbR6gj10,Mustard play hotbox,ekimmai2,2007-06-04T17:26:07Z,690,2,1,Hot Box,hot box frisbee
Xjvz6sHz7E4,Wisconsin Idiots Play Hotbox,TJ Bee,2013-05-03T12:13:30Z,440,1,4,Hot Box,hot box frisbee
FsBa0PLSaaU,⛺️💨HOTBOX TENT CHALLENGE💨⛺️... ( HE GREENED OUT🤢),YoungKojak,2026-04-23T21:26:32Z,2758,202,25,Hot Box,hot box frisbee
DtsmBX2vlgs,AKA Tutorials: Hot Box,AKASPORT,2023-01-03T14:26:41Z,97,1,0,Hot Box,hot box frisbee
CJ3JAr0TrCw,Hot Box,OPENPhysEd.org,2019-02-19T14:42:08Z,484,2,0,Hot Box,hot box frisbee
cVPtU4CwX1o,Hot Box en slow motion | Discobulles,pr0ger,2015-05-11T14:42:48Z,433,1,0,Hot Box,hot box frisbee
o7SFgrWl524,World&#39;s Largest Frisbee Launcher,CrunchLabs,2022-12-09T20:31:26Z,13253739,23219,246,Hot Box,hot box frisbee
CsJiN-4mpj8,This swing sounds like ASMR 😴 #funny #shorts #reels #golf #girl #asmr,Fantasy Roundup,2025-05-31T13:09:23Z,2729932,8931,189,Hot Box,hot box frisbee
8ukl0nd7GRk,Hotbox with the guys,Fastlifekai,2025-06-04T01:25:57Z,51,1,1,Hot Box,hot box frisbee
y_QwatcgXfs,3rd-6th grade Hot Box P.E. Game,Justin Laureano,2020-04-08T17:57:01Z,511,12,0,Hot Box,hot box frisbee
kPw58s37oe0,small game of hot box,Mark Coomber,2008-03-26T18:11:19Z,674,0,2,Hot Box,hot box frisbee
cRZ7wkjMhxY,Throw so good it came back for more! 🥏#frisbee #boomerang #flyingdisc #trickshot #keeplifefun,Waboba,2025-02-26T16:49:31Z,693482,4262,54,Hot Box,hot box frisbee
xND9UGzTNTk,How to Throw a Frisbee (Forehand Grip) #ultimatefrisbee #frisbee #usaultimate,Kurt Gibson,2024-12-24T17:01:02Z,530723,8054,45,Hot Box,hot box frisbee
f1sfUqpkHsc,He never gave up 👏🫡 #shorts,MaxPreps,2023-08-09T22:00:19Z,36259010,570809,7108,Hot Box,hot box frisbee
qYcH7kxaZ38,FaZe &amp; QTCinderella TRICK FanFan! 😂,JasonTheWeen,2024-11-12T21:11:15Z,4521614,77634,297,Hot Box,hot box frisbee
_2km8y_vALk,Jeremy Koling Huge Disc Golf Drive at the Japan Open! 🥏💪,Disc Golf United,2023-05-20T01:54:37Z,1119454,8509,140,Hot Box,hot box frisbee
7Peb3EcBUSI,BOTTLE TRICK,Ricky Berwick,2022-12-05T17:00:04Z,1172136506,20504560,51687,Hot Box,hot box frisbee
o7SFgrWl524,World&#39;s Largest Frisbee Launcher,CrunchLabs,2022-12-09T20:31:26Z,13253739,23219,246,World War Free,world war frisbee
tLBWqUCyrdU,(disc golf)World War Z presented by Black Zombie Disc Golf at Moody&#39;s Ranch.,Black Zombie Disc Golf,2020-06-07T20:43:49Z,619,9,7,World War Free,world war frisbee
VJQOOAYgJ0k,Hitler’s Bell That Terrified the World,History Simplified,2025-10-05T03:02:27Z,7541848,331781,5597,World War Free,world war frisbee
cz_-yYWO9ls,DISFIGURED WW1 Soldiers BEFORE And AFTER!😱 #ww1 #warshorts #disturbing,Insane Facts,2024-04-05T22:58:39Z,218326,2254,93,World War Free,world war frisbee
ZQEwpO-YGfE,The greatest shot we’ve ever seen in Urban Disc Golf.,Urban Disc Golf,2024-05-22T23:36:51Z,968708,21237,197,World War Free,world war frisbee
IVfjTNIuubQ,Disc Golf Ace by Jakson Griffith,Innova Discs,2021-06-13T15:12:29Z,4218191,90223,1438,World War Free,world war frisbee
wAxf8YqoXgA,Can The World Record Frisbee Fly The Length Of This Stadium?,How Ridiculous,2021-09-10T22:00:17Z,6025376,82183,3886,World War Free,world war frisbee
k5ZN9Fwuj00,Master Class: Disc Priest Midnight Season 1,AutomaticJak,2026-05-13T14:01:08Z,3930,163,44,World War Free,world war frisbee
M3Dcet5xx60,How To Throw a Frisbee Like a Pro 🥏🔥,Daily Facts,2025-09-27T01:19:16Z,1666583,33333,64,World War Free,world war frisbee
QXFqerXfmuY,Terrifying World War 1 Zeppelin Tactic Used by the Germans!,Mind Burst,2023-08-02T18:57:03Z,93719,2061,42,World War Free,world war frisbee
_UV2eJ3Q6Ns,M1911 Comparison | Hell Let Loose vs Enlisted vs COD WW2 vs COD Vanguard,WarbyGaming,2025-06-08T11:15:03Z,1203011,20609,307,World War Free,world war frisbee
Y9YwpR1h3VE,This Siren Saved Thousands Of Lives 😳,Sean Andrew,2025-06-27T23:50:24Z,20745703,530629,3142,World War Free,world war frisbee
l9nTejkslMY,We Made the World’s Biggest Blaster!,Dude Perfect,2025-10-04T15:04:15Z,24193199,401434,816,World War Free,world war frisbee
dxBiaWaAyd8,New Viral Gadgets!😍 Awesome Flying Disc Montage✨ |#shorts #gadgets,Quick Gadgets,2023-07-30T05:30:20Z,619509,NA,50,World War Free,world war frisbee
89iJF2IS22A,Professional Disc Golfers attempt to cross the Pedestrian Bridge in UDG. #UrbanDiscGolf #DiscGolf,Urban Disc Golf,2023-10-05T20:52:27Z,14344879,308050,348,World War Free,world war frisbee
856SStNYrxU,THIS Ultimate Frisbee World Final Was CINEMA!,Ulti Von,2025-08-22T22:25:48Z,7318,152,31,World War Free,world war frisbee
GmSluiBrDgw,The best frisbee golf shot you’ll ever see 🤯,SportsNation,2022-07-27T13:00:15Z,5878425,119268,1131,World War Free,world war frisbee
jEidfn_Q2PQ,STEEL paper airplane?? #shorts #explore,Wachtman Knife & Tool,2024-07-01T17:59:54Z,1593337,12036,552,World War Free,world war frisbee
0b4g4ZZNC1E,The World At War 1973(World War II Documentary) 01.A New Germany (1933–1939),Shubham Sharda,2018-01-16T14:21:01Z,2448638,17037,2922,World War Free,world war frisbee
8jCzEQPz9n0,Why US Soldiers Kept Live Grenades Under Their Pillows 🛌,The Art Of War,2025-08-13T14:00:14Z,38326997,771343,2501,World War Free,world war frisbee
HnPyk9FmQ3o,Best ultimate frisbee play ever?,UFA Ultimate Frisbee Association,2023-03-06T23:00:24Z,8716787,97474,98,World War Free,world war frisbee
oRsnwbb7KyE,THEN &amp; NOW – Berlin: Germany History old photo #berlin #germany #history #ww2 #timetravel,Berliner Walk,2024-03-11T16:14:00Z,2046492,46197,881,World War Free,world war frisbee
VY9ugrSWdZo,World War 1 Memorial Disc Golf Course 9 Hole Challenge! - Daily Disc Golf: 141,Daily Disc Golf,2019-08-20T15:11:45Z,1007,43,19,World War Free,world war frisbee
TsfZiOnCA3w,I played EVERY Minecraft music disc at the same time...,Flekting,2022-08-26T18:30:24Z,516692,9907,140,World War Free,world war frisbee
qgZReY9jnj4,This Robot Is Impossible To Beat!,Mark Rober,2025-02-13T16:09:53Z,58028449,1886808,3446,World War Free,world war frisbee
P27qFQHcRtU,Double Disc Court (DDC) - Flying Disc Sport,World Flying Disc Federation,2021-10-28T19:11:56Z,13442,125,9,Double Disc Court,double disc court | ddc frisbee | escape frisbee
cg08BND9UE4,The Most Exciting Frisbee Game You&#39;ve Never Played | Double Disc Court Explained,Escape!! Frisbee,2026-03-10T21:51:41Z,163,9,3,Double Disc Court,double disc court | ddc frisbee | escape frisbee
cFdmTkGrkbI,Swedish Nationals Frisbee - Double Disc Court (DDC) Final 2016 - rally,stefdisc1,2016-07-12T19:44:02Z,1329,17,1,Double Disc Court,double disc court | ddc frisbee | escape frisbee
k8mY5hqPDPc,"Double disc court, Escape!! frisbee, summer league 29 June 2025",Escape!! Frisbee,2025-06-30T18:25:14Z,163,2,0,Double Disc Court,double disc court | ddc frisbee | escape frisbee
naYkjvbQx88,South Coast Escape!! Frisbee (DDC) Championship 2025 Finals,Escape!! Frisbee,2025-11-11T23:56:41Z,81,6,1,Double Disc Court,double disc court | ddc frisbee | escape frisbee
nszaRylOxus,How To Play Double Disc Court (DDC),Escape!! Frisbee,2010-01-03T02:17:31Z,74153,264,20,Double Disc Court,double disc court | ddc frisbee | escape frisbee
FICGwEwaK1g,"How To Play Escape Frisbee (Double Disc Court), DDC",Escape!! Frisbee,2025-05-28T18:58:47Z,1022,7,6,Double Disc Court,double disc court | ddc frisbee | escape frisbee
lsnA4Y74bNY,"How Escape!! frisbee (double disc court) is played, part 1",Escape!! Frisbee,2024-08-25T05:35:03Z,87,9,0,Double Disc Court,double disc court | ddc frisbee | escape frisbee
IVfjTNIuubQ,Disc Golf Ace by Jakson Griffith,Innova Discs,2021-06-13T15:12:29Z,4218191,90223,1438,Double Disc Court,double disc court | ddc frisbee | escape frisbee
dwiBM6l7Etg,"YellowRed, Escape!! frisbee, double disc court, DDC",Escape!! Frisbee,2024-05-22T22:18:15Z,37,1,0,Double Disc Court,double disc court | ddc frisbee | escape frisbee
6_LHbt16_uk,"Double disc court, Escape frisbee, 8 June 2025",Escape!! Frisbee,2025-06-12T15:44:32Z,183,1,0,Double Disc Court,double disc court | ddc frisbee | escape frisbee
nKHDku6_0yg,How to play double disc court,Escape!! Frisbee,2024-02-22T13:29:46Z,890,17,0,Double Disc Court,double disc court | ddc frisbee | escape frisbee
BiPFNc0z7Ns,How To Play Better Double Disc Court (DDC),Escape!! Frisbee,2011-01-05T18:06:55Z,3585,20,7,Double Disc Court,double disc court | ddc frisbee | escape frisbee
Dl-qufEtU4I,Swedish Nationals Frisbee - Double Disc Court (DDC) Final 2016 - rally2,stefdisc1,2016-07-12T21:56:55Z,113,0,0,Double Disc Court,double disc court | ddc frisbee | escape frisbee
AGaT74MjYWY,"Great escapes from Escape!! Frisbee, double disc court, DDC",Escape!! Frisbee,2024-06-07T15:46:09Z,206,8,0,Double Disc Court,double disc court | ddc frisbee | escape frisbee
KrsdZI4t5gU,Frisbee - Double Disc Court (DDC) SM 2017   Final set1,stefdisc1,2017-07-08T11:51:16Z,302,1,0,Double Disc Court,double disc court | ddc frisbee | escape frisbee
k1XYgNJnqUA,"Essential throws and tips in the sport of Escape!! frisbee (aka, DDC)",Escape!! Frisbee,2024-07-01T02:50:34Z,569,3,0,Double Disc Court,double disc court | ddc frisbee | escape frisbee
BGcyROTjW58,One does not simply layout D the Cardenas Twins,Ultiworld - Ultimate Frisbee,2024-07-05T15:44:48Z,43653198,653206,334,Double Disc Court,double disc court | ddc frisbee | escape frisbee
Iz-jb-XdmFQ,How to volley the frisbees in double disc court,Escape!! Frisbee,2024-02-18T22:11:31Z,3178,20,2,Double Disc Court,double disc court | ddc frisbee | escape frisbee
JEg4PpY_5Lo,Toward vision-style analytics for Escape!! frisbee (DDC),Escape!! Frisbee,2025-09-11T18:11:52Z,51,4,1,Double Disc Court,double disc court | ddc frisbee | escape frisbee
xND9UGzTNTk,How to Throw a Frisbee (Forehand Grip) #ultimatefrisbee #frisbee #usaultimate,Kurt Gibson,2024-12-24T17:01:02Z,530723,8054,45,Double Disc Court,double disc court | ddc frisbee | escape frisbee
V9st-alR4eQ,Is the glitch the most unique disc in disc golf?! 👀🥏 #ace #discgolf,J-Milly Disc Golf,2023-03-30T21:23:46Z,9354680,283064,395,Double Disc Court,double disc court | ddc frisbee | escape frisbee
l0iL1CJng0g,The Hardest Shot in Disc Golf (Hyzer Flip to Late Turnover),JustDisc,2023-09-05T14:00:36Z,874269,11431,194,Double Disc Court,double disc court | ddc frisbee | escape frisbee
-svUt4wGs0E,Frisbee - Double Disc Court (DDC) SM 2017   Final set3,stefdisc1,2017-07-08T12:23:09Z,102,1,0,Double Disc Court,double disc court | ddc frisbee | escape frisbee
x7i90d5d170,"1 June 2025 Escape Frisbee, double disc court",Escape!! Frisbee,2025-06-03T02:43:03Z,42,1,0,Double Disc Court,double disc court | ddc frisbee | escape frisbee
1wgkP_8vQps,2023 US Nationals GUTS Frisbee Tournament | UP HARDWOOD vs Blame the Dog | elimination round,USA GUTS,2023-08-06T21:24:29Z,2770,17,5,Guts,guts frisbee
MFQhjPZidPw,Rules of Guts - The Original Extreme Sport!,USA GUTS,2020-02-25T02:12:31Z,47391,303,27,Guts,guts frisbee
ky3cr6GPpe0,USA GUTS 60th Annual IFT Highlights,USA GUTS,2022-02-09T22:08:53Z,1198,6,1,Guts,guts frisbee
YYYsiAZGrhQ,Monte vs Whiskey Disc at the 2025 International Frisbee Tournament | IFT,USA GUTS,2025-07-12T18:45:52Z,278,3,0,Guts,guts frisbee
GTsWiGSq2rE,I&#39;m playing for Team USA at the World Guts Championships this year!,Scott Stokely,2025-06-21T13:38:31Z,10600,320,12,Guts,guts frisbee
A5hppPknL-c,Carter goes on an ACE RUN at GUTS international Frisbee Tournament | 2023,USA GUTS,2023-07-27T20:50:18Z,2978,43,7,Guts,guts frisbee
9p3tLLCYSbY,"Bop and Wolfpack fight to survive in the 2024 IFT GUTS frisbee, elimination round",USA GUTS,2024-07-07T17:49:20Z,1313,19,2,Guts,guts frisbee
G6UjkTI3F64,Hit in the FACE by a GUTS frisbee?,USA GUTS,2023-04-10T21:07:25Z,3922,57,2,Guts,guts frisbee
VxQKQ2iBNwE,5 Unique Plays from 2019 USA Guts Nationals,USA GUTS,2021-08-16T22:20:12Z,665,9,0,Guts,guts frisbee
c7hiCuwAwuU,High Desert Classic Guts Frisbee Tournament 2017,Ian Carlson,2017-10-31T00:03:29Z,11710,65,2,Guts,guts frisbee
RYeGXWwwByM,Wolfpack vs SlippedDisc | 2024 US Nationals GUTS Frisbee championship | Game 1,USA GUTS,2024-11-05T17:51:17Z,285,9,0,Guts,guts frisbee
4QI4-tb_SxQ,"Grabbers vs Eighties | World GUTS Club Championship, Kashima Japan 🗾 ",USA GUTS,2025-09-06T02:42:45Z,294,5,1,Guts,guts frisbee
_DZi69dS7Ys,Guts Frisbee Montage - 1970s,Guts Frisbee Archive,2017-08-09T12:37:41Z,1200,9,1,Guts,guts frisbee
3aJZgBsRXww,USAGUTS | 2023 Wisconsin GUTS Championship Finals | BOP vs Monte Carlo game 1,USA GUTS,2023-06-25T14:11:45Z,6179,47,11,Guts,guts frisbee
q7mx2gR6p6o,Pt. 12 - Guts Frisbee players call this &quot;bagging!&quot; I call it being emasculated!,Scott Stokely,2025-07-12T19:57:12Z,33445,157,11,Guts,guts frisbee
uwv2NtrX01Y,Guts Frisbee Basics with Buck Buchanan &amp; Willie Leffel 1986,Guts Frisbee Archive,2017-09-11T00:25:21Z,658,6,0,Guts,guts frisbee
632MVcKyXZc,Guts frisbee Bag! #fyp #foryou #sports #frisbee #discgolf #gutsfrisbee #fun #entertainment,Lahti1,2025-03-03T16:38:44Z,667,6,0,Guts,guts frisbee
Vfo6PP_Ghac,2023 Wisconsin GUTS frisbee championships | day 1 of 2 | quick cuts 03 BOP vs Scotts Tots,USA GUTS,2023-06-11T04:03:33Z,224,4,0,Guts,guts frisbee
KQ_cH5XtL0I,2023 US Nationals GUTS frisbee tournament | Finals game 1 | Wolfpack vs BOP,USA GUTS,2023-08-13T17:40:03Z,802,24,10,Guts,guts frisbee
T0TqdQSQBpE,2023 Wisconsin GUTS frisbee championships | day 1 of 2 | quick cuts,USA GUTS,2023-06-11T00:36:59Z,220,3,2,Guts,guts frisbee
JOC7X44DCxs,"Pt. 10 - In Guts Frisbee, Defense is half the game. You can catch clean or &quot;bobble&quot; with no &quot;traps.&quot;",Scott Stokely,2025-07-12T19:54:56Z,11863,94,5,Guts,guts frisbee
LlPoXTlf5EQ,2023 Wisconsin GUTS frisbee championships | day 1 of 2 | quick cuts 02,USA GUTS,2023-06-11T00:40:19Z,649,8,1,Guts,guts frisbee
0CLHJWzEC8k,O&#39;Malley&#39;s Alley At the 2022 US Nationals #guts #frisbee #disc,USA GUTS,2022-08-06T17:53:13Z,3140,41,0,Guts,guts frisbee
jaOuaQnOr9c,USA vs Japan Guts Pre Pool Play - 2016 World Ultimate &amp; Guts Championships,World Flying Disc Federation,2016-06-21T00:15:57Z,32095,88,13,Guts,guts frisbee
kThZXt-ZzRs,2022 Wisconsin GUTS championship- Finals Game 2 (fast cut),USA GUTS,2022-06-13T07:26:27Z,371,3,1,Guts,guts frisbee
Gf08KFGFf6s,Girls Love Ultimate: Flutterguts,Australian Flying Disc Association (AFDA),2019-06-21T07:28:49Z,1218,1,0,Flutter Guts,flutter guts frisbee
dTCRs_TTbrY,Flutter guts celebration,Jason Caffey,2011-01-20T11:28:22Z,222,0,0,Flutter Guts,flutter guts frisbee
ROEXRHc2ZCU,Marge - flutter guts exp.,tent08,2012-01-23T00:15:47Z,118,0,0,Flutter Guts,flutter guts frisbee
0CLHJWzEC8k,O&#39;Malley&#39;s Alley At the 2022 US Nationals #guts #frisbee #disc,USA GUTS,2022-08-06T17:53:13Z,3140,41,0,Flutter Guts,flutter guts frisbee
rYRUxBO-HcI,Day 6 - (Flutter Guts Catching),Elevate Academy,2020-04-08T17:24:43Z,64,0,0,Flutter Guts,flutter guts frisbee
Ugos_tZ2xN0,Dead Elvis 2004: Flutterguts,crstewart,2007-03-06T15:43:18Z,1842,3,2,Flutter Guts,flutter guts frisbee
mp6WamWmG-4,"How to stomach vacuum, abdominal vacuum, or hypopressive breathing. #fitness #abs #shorts",Whealth,2023-09-11T17:41:50Z,997386,15070,178,Flutter Guts,flutter guts frisbee
D94loeBioq4,Disc Dodge!,Jayson Whelpley,2010-10-03T22:12:56Z,170,1,0,Flutter Guts,flutter guts frisbee
97zWDjul_6M,2013 Throw Down The Mountain Disc Golf Footage,Richard Van Manen,2013-01-23T04:03:19Z,408,3,0,Flutter Guts,flutter guts frisbee
1Wy4fk_H50s,Replace the Kohler Canister Flush Valve Seal - Kohler Toilet Running,FIX IT Home Improvement Channel,2018-01-28T20:44:26Z,1046009,7052,897,Flutter Guts,flutter guts frisbee
gqlcINHEeXM,Toilet leaking through a canister style flapper. How to repair the toilet gasket. #shorts #plumbing,My Old Plumber,2022-12-14T16:07:59Z,188607,913,29,Flutter Guts,flutter guts frisbee
KwHhk-RLiyQ,Glute bridges 🔥 SAVE this tip for better glute connection. #shorts,LisaFiitt Workouts,2023-09-10T10:30:00Z,2166667,27987,45,Flutter Guts,flutter guts frisbee
FOY7Iz3TJrU,Is your VAGUS NERVE Damaged? 7 WARNING SIGNS,Paige Pradko,2024-10-18T14:00:13Z,185601,3502,238,Flutter Guts,flutter guts frisbee
HqthJn4e014,GUTS + SHIFT GEAR FACADE CYCLIZAR IS A NEXT LEVEL THREAT IN FRANTIC FUSIONS,DracoMenace,2025-03-07T12:30:21Z,5430,199,71,Flutter Guts,flutter guts frisbee
-cgTjp5Yawk,Hernia Symptoms - When Should You Be Worried?,"Buck Parker, M.D.",2017-08-15T15:00:01Z,1520023,11898,1271,Flutter Guts,flutter guts frisbee
PRYx68m9NDM,The most absurd Pokemon in Pokemon Showdown...,Aacro X,2023-05-17T04:47:44Z,1260,36,8,Flutter Guts,flutter guts frisbee
RfXDNQZ5n1M,GUTS + HUSTLE + NO GUARD SQWAKABILLY GETS 2.25x ATTACK IN POKEBILITIES AAA,DracoMenace,2026-03-17T12:30:45Z,3096,107,35,Flutter Guts,flutter guts frisbee
HeFAgLoPz1Y,Week 8 Highlight - Jody Avirgan&#39;s Amazing Catch,MajorLeagueUltimate,2013-06-10T21:20:44Z,19331,35,8,Flutter Guts,flutter guts frisbee
fhwRnWf8RFk,TOXIC BOOST + QUICK FEET + GUTS URSARING IS MANKIND&#39;S GREATEST COMBINATION IN POKEBILITIES AAA,DracoMenace,2026-03-21T12:30:58Z,3087,111,42,Flutter Guts,flutter guts frisbee
3_T3XZ98GR0,Disc Annihilation!,brizandt,2007-05-16T03:50:17Z,788,3,0,Flutter Guts,flutter guts frisbee
nXvR7Ct0eGE,Propeller Effects. #aviation #propeller #pilot,flight-club,2023-04-09T13:20:30Z,1381910,73827,381,Flutter Guts,flutter guts frisbee
h2pPvY6aSIY,Fix Pelvic Tilt &amp; Lower Belly Bulge with These Simple Exercises! #shorts #short,Fitness and Fitness,2025-06-13T14:35:43Z,403191,4634,69,Flutter Guts,flutter guts frisbee
guQq95jBzpc,HAXORUS GETS A WHOPPING 182 ATTACK AND GUTS IN FRANTIC FUSIONS,DracoMenace,2025-03-17T12:30:49Z,6792,233,50,Flutter Guts,flutter guts frisbee
IlFlzS8aheE,Insane Reason Why The Fastest Jets Have Small Wings 😨,Aviation Insider,2024-04-04T18:36:34Z,6951873,271658,1716,Flutter Guts,flutter guts frisbee
AV3vOCTz6gA,Kohler Toilet Fix in 24hrs 🚽🔧 | Canister Valve Replacement (K-3811) 🚽 Quick trailer for my latest,TGHammond Online,2025-03-24T15:52:55Z,21089,214,17,Flutter Guts,flutter guts frisbee
HONuIqihqSo,2019 Japan Dodgebee game,XCOM Disc Discsports Brand,2020-04-28T06:46:53Z,16879,74,6,DodgeDisc,dodgedisc | dodgebee
UA6FO-xzP44,How to Throw a Dodgebee with Forehand #dodgebee #challenge #toronto,Dodgebee_Toronto_Association,2025-05-05T00:12:50Z,2604,18,3,DodgeDisc,dodgedisc | dodgebee
OT7OQXjVQVE,this is dodgedisc!,DODGESTAR,2025-09-22T16:00:42Z,2317,8,0,DodgeDisc,dodgedisc | dodgebee
txH_e0r98MA,Dodgebee catch and shoot 20221031 #dodgebee,邦導的天空,2023-10-23T04:00:24Z,12251,57,1,DodgeDisc,dodgedisc | dodgebee
PL3WHPs9Qe8,Bravo dodgedisc!,DODGESTAR,2025-09-06T16:00:41Z,2111,12,0,DodgeDisc,dodgedisc | dodgebee
rTGvnEVZWHE,Introduction of Dodge Disc,Flying Disc Federation of Hong Kong China,2025-06-16T06:54:43Z,2785,31,2,DodgeDisc,dodgedisc | dodgebee
dvuSJRPtwHg,Toronto Dodgebee Association - Dodgebee introduction video,Dodgebee_Toronto_Association,2025-04-09T04:30:31Z,778,12,0,DodgeDisc,dodgedisc | dodgebee
H640PMqGfS8,How to Throw a Dodgebee with Backhand #dodgebee #toronto #torontododgebee #sports #newsports,Dodgebee_Toronto_Association,2025-05-01T01:37:56Z,1894,11,1,DodgeDisc,dodgedisc | dodgebee
LPb3HDn4Oh8,Here’s what Dodgebee brings you😂A lot of movement/ have fun/make friends/ exercise 🥏 #toronto,Dodgebee_Toronto_Association,2025-07-12T21:25:58Z,1658,22,0,DodgeDisc,dodgedisc | dodgebee
qqknetHcycc,🏆 2025 Hong Kong Dodgebee Championship | Open Division Highlights,赤薈體育會,2025-02-21T08:15:07Z,2197,52,1,DodgeDisc,dodgedisc | dodgebee
NKHFi8lTfh0,Dodgebee Competition in Japan 2016 (New Sports in the World),osman wong,2017-07-25T05:22:30Z,12420,50,4,DodgeDisc,dodgedisc | dodgebee
JcH9J_rm49U,Dodgebee Bend over to catch 20221031 #dodgebee,邦導的天空,2023-11-03T04:00:15Z,3688,15,0,DodgeDisc,dodgedisc | dodgebee
QgV3-AbMsIY,Dodgebee one hand catch and shoot 20221031 #dodgebee,邦導的天空,2023-10-28T04:00:22Z,6517,33,0,DodgeDisc,dodgedisc | dodgebee
owCpN2V6tOI,Dodgebee Regulations,tlgc oasis,2018-11-28T09:26:20Z,1541,12,0,DodgeDisc,dodgedisc | dodgebee
EiErcnM4rJw,Serious? This dodgedisc is so unruly!,DODGESTAR,2025-08-27T16:00:21Z,2133,4,0,DodgeDisc,dodgedisc | dodgebee
i5hGTRU0jcg,Dodgebee Shooting disc on the line 20221031 #dodgebee,邦導的天空,2023-10-25T04:00:17Z,2954,5,0,DodgeDisc,dodgedisc | dodgebee
DyEh-mbLm4k,DODGEBEE. Un nuevo DEPORTE ALTERNATIVO nacido en Hong Kong,Antonio Méndez-Giménez,2025-02-21T11:52:33Z,5541,114,22,DodgeDisc,dodgedisc | dodgebee
k8OyHKIQ0P0,Dodgebee quick shooting 20221031 #dodgebee,邦導的天空,2023-10-29T04:00:19Z,2240,5,0,DodgeDisc,dodgedisc | dodgebee
X3ngiw8BM9w,2022 Hong Kong Dodgebee Competition,HK Sports Live - competition,2022-08-28T16:16:33Z,273,4,0,DodgeDisc,dodgedisc | dodgebee
P875td7yLDg,Shenzhen Dodgebee Open 2020,XCOM Disc Discsports Brand,2021-06-10T05:53:07Z,100,1,0,DodgeDisc,dodgedisc | dodgebee
3zYElfkPdWY,Hong Kong Dodge Disc Age Group Tournament (U18 Division)  | 香港躲避盤分齡賽（十八歲以下組別） |  1Mar 2026  | 重製版,Flying Disc Federation of Hong Kong China,2026-03-03T05:02:28Z,3137,12,0,DodgeDisc,dodgedisc | dodgebee
LJKJtsl-VEU,Team America HeroDisc Dodgebee Championships 2007,Paul Kenny,2007-08-01T23:51:38Z,1674,5,1,DodgeDisc,dodgedisc | dodgebee
cG0D8WrUhmE,Dodgebee,Jacob Harrell,2013-11-15T14:01:18Z,8784,6,0,DodgeDisc,dodgedisc | dodgebee
cR7i6-7M-KE,Dodgebee forehand,LAI Kong Ip,2017-05-19T08:03:42Z,1043,2,0,DodgeDisc,dodgedisc | dodgebee
F324HTQ2XFQ,Dodgebee Easy Catch 20221031 #dodgebee,邦導的天空,2023-11-04T04:00:06Z,60,0,0,DodgeDisc,dodgedisc | dodgebee
d1aNEmbqA9E,Lobster Battle! Royal Soft vs Eternal Soft | Disc Golf Review,Disc Golf Deals USA,2025-09-03T20:00:35Z,822,36,25,Battle Royale,battle royale frisbee
zBsXtDLjB2Q,Frisbee Battle Royale - Tag Game,Frisbee Rob,2019-01-11T23:36:03Z,7462,51,2,Battle Royale,battle royale frisbee
wc1q4vEJQgo,Ultimate Frisbee Top 10 Plays | 2024 UFA season,UFA Ultimate Frisbee Association,2024-09-06T14:05:52Z,66185,642,25,Battle Royale,battle royale frisbee
gKYvnjiK2xs,Mark Rober vs. Preston Battle Royale- CrunchLabs Cup,CrunchLabs,2023-05-20T13:00:37Z,7889600,21526,423,Battle Royale,battle royale frisbee
1BedbpfJyk0,🔥NEW Battle Royale OFF the GRID 🔥 #offthegrid,TheTechnicianTV,2024-10-09T15:00:02Z,618810,10847,166,Battle Royale,battle royale frisbee
hkt4TKvAbWQ,Can Ultimate Valkyrie without a disc beat Hasbro?,BlazingBlader,2023-06-14T14:57:50Z,1218946,9119,55,Battle Royale,battle royale frisbee
xmDm8-nkxU8,Did Fortnite steal my song? #shorts,Your Favorite Martian,2022-11-22T23:11:30Z,39107997,1535973,1509,Battle Royale,battle royale frisbee
N0p1t-dC7Ko,Battle Royale Official Blu-Ray Trailer - Cult Classic Movie (2000),Rotten Tomatoes Trailers,2012-01-12T22:19:14Z,6353819,43321,6202,Battle Royale,battle royale frisbee
WJW-bzXZM8M,Fortnite Battle Royale - Gameplay Trailer | PS4,PlayStation,2017-09-22T20:47:48Z,7292784,234690,14801,Battle Royale,battle royale frisbee
sAjYWMvES3E,Golmud Railway Breakthrough sucks big time #battlefield #battlefield6 battlefield season 3,Elron,2026-05-13T07:33:15Z,1436,10,5,Battle Royale,battle royale frisbee
o7SFgrWl524,World&#39;s Largest Frisbee Launcher,CrunchLabs,2022-12-09T20:31:26Z,13254932,23219,246,Battle Royale,battle royale frisbee
Tl5QCBQIaZY,Build Your Fortnite Squad!,CouRage Gaming,2025-06-05T21:00:34Z,11805588,103589,1383,Battle Royale,battle royale frisbee
9BvqntWX1bQ,SHOULD FORTNITE STW SKINS BE AVAILABLE IN BR?! | #shorts,Its4G,2022-11-01T03:36:31Z,921322,34001,646,Battle Royale,battle royale frisbee
mEqmOSYovLw,Epic Frisbee Battle Royale,বুনোহাঁস ,2025-05-18T05:27:05Z,11,2,0,Battle Royale,battle royale frisbee
l9nTejkslMY,We Made the World’s Biggest Blaster!,Dude Perfect,2025-10-04T15:04:15Z,24193199,401434,816,Battle Royale,battle royale frisbee
Ik_fAR-lFSA,BATTLEFIELD 6 BATTLE ROYALE GAMEPLAY! (NO COMMENTARY),NoAnnoyingCommentary,2025-10-28T16:25:00Z,503534,7093,298,Battle Royale,battle royale frisbee
dgF86jkw6-g,Flick Putter part 2 the battle royale | Disc Golf Techniques,Pete Collins Disc Golf,2024-07-04T16:00:37Z,939,38,34,Battle Royale,battle royale frisbee
v9JYbLL-87g,IS THIS GUY A SIMP?  (Fortnite- Battle Royale) Ft Formula &amp; Disc,Chica,2020-03-13T23:18:59Z,280523,11221,268,Battle Royale,battle royale frisbee
2QyHHSrJEfs,I Challenged Prem to a Mythic RACE.. 😳,JCM,2026-05-12T20:00:01Z,10134,213,21,Battle Royale,battle royale frisbee
DQOSdxWgHP4,Remember?    #ps5 #gaming #fortnite #fortniteclips #cod #ps4 #ps3 #ps2 #fyp #fypシ゚viral #playstation,Jagel,2024-09-17T22:44:52Z,828376,NA,NA,Battle Royale,battle royale frisbee
eGADR7v3OkE,Disc Golf Battle Royale!,TEN31 Disc Golf,2024-06-25T22:00:34Z,282,15,1,Battle Royale,battle royale frisbee
4KS2LnCIGxQ,#Frisbee #battleroyale #Battle#FrisbeeBattle,King Ty,2024-08-29T01:42:26Z,24,2,NA,Battle Royale,battle royale frisbee
jSPoCuOeueI,He Tried RAGEBAITING Me 😂,JCM,2026-05-10T20:00:19Z,26462,395,23,Battle Royale,battle royale frisbee
Xq2Q3kkYLYQ,Frisbee vs Sovereign Shotgun duel | Crown Victory,Central Channel,2024-09-20T12:43:43Z,4209,31,6,Battle Royale,battle royale frisbee
YYgF5OyL7wU,Fortnite battle royale *New* frisbee machine (Clay pigeon) (usable),BezzY ✔︎,2018-07-24T14:16:42Z,1789,21,15,Battle Royale,battle royale frisbee
ly-_aG0RAI0,How To Play Kan Jam,Gather Together Games,2021-07-27T21:30:02Z,157737,605,44,Discflect / KanJam,kanjam | discflect
tm7faM0-iKQ,How to play Kan Jam,Triple S Games,2020-07-01T12:00:17Z,217939,869,56,Discflect / KanJam,kanjam | discflect
f7GihEbKRas,How to Play Kan Jam,KanJam,2022-02-23T19:52:06Z,71600,139,14,Discflect / KanJam,kanjam | discflect
a4bpxmqg-2M,Kan Jam Skills on Full Display,Dickinson College,2024-05-14T13:20:41Z,11232,76,2,Discflect / KanJam,kanjam | discflect
vAPO7WXq3Kc,KANJAM was an absolute BLAST on this Mother’s Day weekend!! #beach,JT3W,2024-05-12T19:09:27Z,5394,32,0,Discflect / KanJam,kanjam | discflect
UBCh-KfYX4s,2019 Discflect Classic Finals,PDFA,2019-05-07T16:34:35Z,96902,319,67,Discflect / KanJam,kanjam | discflect
yw3hCuk0efQ,Have you played Kan Jam?,Stadium Reviews,2022-12-07T20:11:14Z,14377,78,7,Discflect / KanJam,kanjam | discflect
dlbgqrsyLK8,Giant Kan Jam Challenge!! | ft. Megan Batoon,Team Edge,2017-04-28T23:00:03Z,6617806,84866,8136,Discflect / KanJam,kanjam | discflect
j2ryEoz78eY,2023 Discflect Challenge | FINALS,Gatekeeper Media,2024-08-24T23:21:13Z,953,7,2,Discflect / KanJam,kanjam | discflect
3IMgFHAiVFw,#KanJam Nick called game and almost nailed it ! 😂🚫🧢#july4th #backyard,Vito The Jeweler ,2023-07-06T09:56:28Z,11203,106,4,Discflect / KanJam,kanjam | discflect
SD5naGJhkC0,Paddle Zlam is a great game! #spikeball #paddle #kanjam #yardgamesworld,George Rodriguez,2025-10-15T05:45:06Z,6725,11,0,Discflect / KanJam,kanjam | discflect
4Sa70d3KvaI,KanJam - How to play,Idema,2017-07-25T07:01:14Z,12221,31,0,Discflect / KanJam,kanjam | discflect
n1_aHCMNNZI,The Perfect Fit? #shorts  #frisbee #kanjam,Gettin' Tricky,2025-04-04T05:18:54Z,1967,29,1,Discflect / KanJam,kanjam | discflect
-roV7oszu6I,KanJam UK overview video - How to Play KanJam,Kanjam UK,2016-06-27T14:39:42Z,15011,28,0,Discflect / KanJam,kanjam | discflect
hzUt_SZtr9A,#KanJam in the backyard for July 4th ! Dre tossed one and I knocked it in for points ! 💪🏼,Vito The Jeweler ,2023-07-05T09:49:11Z,7076,38,0,Discflect / KanJam,kanjam | discflect
VrFC2WLIJ1M,Discflect introduction - Basic scoring,PDFA,2021-05-08T14:49:31Z,1739,11,2,Discflect / KanJam,kanjam | discflect
VG-RZuv1NA4,KanJam,Idema,2025-01-30T10:25:34Z,1012,2,0,Discflect / KanJam,kanjam | discflect
5L2mTktX64M,2019 Discflect World Championship Finals,PDFA,2019-10-17T19:11:08Z,28827,96,27,Discflect / KanJam,kanjam | discflect
FgR5kqGuf-o,Ultimate Discflect,PDFA,2020-03-22T18:38:55Z,1233,13,1,Discflect / KanJam,kanjam | discflect
a6lEPSanVIw,Kan Jam Pack&#39;N Go,Megaform,2025-06-06T07:35:40Z,665,0,0,Discflect / KanJam,kanjam | discflect
SdQ0DQPJZxQ,Took a nasty forehand to the dome piece #comedy #kanjam #yardgames #outdoors #shorts,Matt Lyons,2024-10-09T02:53:55Z,13148,NA,8,Discflect / KanJam,kanjam | discflect
puNOkJKtC9A,2015 Discflect World Championship - Finals Game 4,PDFA,2015-08-26T21:31:06Z,232676,388,93,Discflect / KanJam,kanjam | discflect
mT1iP2FYZPY,2011 Discflect World Championship,PDFA,2011-09-22T15:51:35Z,1500,2,0,Discflect / KanJam,kanjam | discflect
hKLuA5EvYwM,【神回】帰ってきたKANJAMで神プレイ連発して即勝利しました！！！,Fischer's-フィッシャーズ-,2024-02-02T11:00:08Z,2206739,26494,789,Discflect / KanJam,kanjam | discflect
XIop3aOOrLI,フリスビーの新競技KANJAMで“即勝利”に入るまで帰れません！！,Fischer's-フィッシャーズ-,2019-07-11T09:58:46Z,12861257,75932,4782,Discflect / KanJam,kanjam | discflect
e5B3zKLZ7L4,Frisbee Hula Hoop Target Team Challenge,Tim Mueller,2022-05-15T05:32:07Z,7929,51,0,Frisbee Hoops,frisbee hoops
IVfjTNIuubQ,Disc Golf Ace by Jakson Griffith,Innova Discs,2021-06-13T15:12:29Z,4218191,90223,1438,Frisbee Hoops,frisbee hoops
LeaQZN4Tv7o,"A Frisbee, a hoop and the shot that brought this reaction",WCVB Channel 5 Boston,2015-10-07T10:41:08Z,378,4,NA,Frisbee Hoops,frisbee hoops
OwS97YgflPw,Play Frisbee Slam! Can Jam Like Game! Using Hula Hoops! #physicaleducation #adaptedpe,PE Learn & Play,2025-05-02T12:07:44Z,3674,33,NA,Frisbee Hoops,frisbee hoops
LoPbih4X2Ks,100 Mystery Hoops But Only ONE Let’s You Escape,Jesser,2022-08-12T21:00:08Z,9123304,77240,1444,Frisbee Hoops,frisbee hoops
EC97azi7trE,Frisbee + Hula Hoops - Having Fun with Caity Hoops!,Frisbee Rob,2026-02-21T17:31:02Z,48,0,0,Frisbee Hoops,frisbee hoops
Hj5EUNWnISk,Dropping TWO…DHoops. #trending #discgolf #frisbee #ultimatefrisbee #newsports #physed,Dischoopsusa,2025-09-10T16:06:47Z,22753,47,2,Frisbee Hoops,frisbee hoops
OFymSUAUleQ,FRISBEE HOOPS! Full Version! Jimi Davis &amp; Steven Kenneth Partlow!,Unc,2018-03-28T01:41:43Z,3,1,0,Frisbee Hoops,frisbee hoops
vwaKVb9aAcY,"Dogs do frisbee, hoop tricks at a Regatta dog show",Bradenton Herald,2015-02-07T19:58:47Z,430,1,0,Frisbee Hoops,frisbee hoops
Koi7rhUfMFo,Frisbee Trickshots #1 - Basketball Hoops,Safi,2014-11-01T00:38:04Z,252,12,NA,Frisbee Hoops,frisbee hoops
zrV-ZrfCYvM,Frisbee Into Hoop,Pro Trickshotzz,2015-03-29T02:08:20Z,72,2,NA,Frisbee Hoops,frisbee hoops
j5cvqJF85PI,Frisbee + Pro Dunk Hoops = Awesome,Alex Smith,2017-01-01T00:11:13Z,625,38,NA,Frisbee Hoops,frisbee hoops
eeqHmFYKBKM,Amazing Frisbee Trick Shot!,Colin Amazing,2023-09-21T02:57:14Z,4858011,86315,0,Frisbee Hoops,frisbee hoops
b_FgbcuLvn8,Peppa Pig&#39;s Frisbee Flying Disc Mayhem 🐷 🛸 Playtime With Peppa,Peppa Pig's Big Adventures,2023-10-12T14:00:22Z,5143183,4987,NA,Frisbee Hoops,frisbee hoops
tsJ9fwhFzE8,Wham-O Frisbee &amp; Hula Hoop Commercial (1960s),Wham-O,2016-12-02T23:52:52Z,4067,21,0,Frisbee Hoops,frisbee hoops
v8noT068y2w,Frisbee Trick Shots - Insane Around Basketball Hoop Bend Shot,Ultimate101,2018-12-05T03:19:31Z,1662,30,7,Frisbee Hoops,frisbee hoops
fA1GygMfXxQ,Frisbee through Hula hoop| #buckets #hula hoop #shorts,Athletic Bros.,2022-09-02T18:00:25Z,198,11,NA,Frisbee Hoops,frisbee hoops
CXXU8idwdUY,Brodie Smith&#39;s Insane 550-Foot Frisbee Trick Shot! #FrisbeeTrickShots,FactHub,2023-05-26T00:30:05Z,259,4,0,Frisbee Hoops,frisbee hoops
FjcmeH0gK24,"Frisbee | Mini Frisbee Golf Set : Unbox, setup &amp; play step by step #viral #game #sports #frisbeegolf",BZ-EZ-PZ,2023-04-23T16:15:47Z,994,21,NA,Frisbee Hoops,frisbee hoops
7VZHfTda6vI,Frisbee Trick Shot,Trick Shooter 101,2022-12-27T01:26:56Z,1467,40,3,Frisbee Hoops,frisbee hoops
rYzDRUQp4hg,So smooth….DHoops.  #trending #frisbee #discgolf #physed #ultimatefrisbee #newsports,Dischoopsusa,2025-08-26T23:31:56Z,3200,10,0,Frisbee Hoops,frisbee hoops
8Fq8au5f37w,Guy Flips Off Trampoline and Shoots Frisbee in Basket,Fur Family ,2016-12-16T18:30:47Z,802,13,1,Frisbee Hoops,frisbee hoops
6Ig0GnmOhV8,Insane Frisbee Trick Shot Through Basketball Hoop,Trevor Nataupsky,2013-08-26T04:36:19Z,96,2,0,Frisbee Hoops,frisbee hoops
XVGzrjqEWkA,Indoor/Outdoor Customizable Disc Golf Course,GopherPE,2017-01-09T21:12:28Z,503,0,NA,Frisbee Hoops,frisbee hoops
5FzQXSO9ZG8,Frisbee through hoola hoop,4 legends,2022-05-18T03:03:51Z,2526,71,2,Frisbee Hoops,frisbee hoops
aJHbmcpGu0s,"Poleish Sports Bottle Bash The BEST Outdoor Game (aka polish horseshoes, beersbee, frisknock)",poleishsports,2009-07-02T00:42:03Z,272478,476,3,BeersBee,beersbee | polish horseshoes frisbee
w8gCa8zsW4w,Bottle Bash - The original creators of Beersbee Polish Horseshoes - Frisbee game.,poleishsports,2021-09-13T17:40:49Z,2049,2,0,BeersBee,beersbee | polish horseshoes frisbee
yPW7HJ5fNBU,"How To Play Frisknock (Beersbee, Polish Horseshoes, Beer Frisbee) | Best Lawn/Outdoor Games (2020)",Dad Does Tech,2017-07-17T21:00:03Z,53699,285,13,BeersBee,beersbee | polish horseshoes frisbee
ejBZquXN3y4,Beersbee® - Polish Horseshoes Game Set - How to play video! #fyp,beersbee.sports,2024-05-17T04:57:43Z,2875,17,0,BeersBee,beersbee | polish horseshoes frisbee
sa2s3Tel51I,"Poleish Sports BOTTLE BASH instructions (aka beersbee, polish horseshoes)",poleishsports,2017-06-27T15:27:18Z,3801,4,0,BeersBee,beersbee | polish horseshoes frisbee
Z6l9MxRJQ_s,Poleish Sports annual Bottle Bash Tourney (aka polish horseshoes),poleishsports,2016-07-19T12:54:20Z,8147,17,0,BeersBee,beersbee | polish horseshoes frisbee
zZChzj81lXQ,Beersbee Win!,Outdoorser,2022-10-24T11:54:54Z,752,2,0,BeersBee,beersbee | polish horseshoes frisbee
O0kWu4qhj3A,JogenMax Beersbee Frisbee Bottle Flying Disc Game Review - Best Polish Frisbee Lawn Game With Stand,After5PC,2019-12-13T00:18:46Z,364,2,0,BeersBee,beersbee | polish horseshoes frisbee
uEAaCXE4aP8,6th Annual Bottle Bash Tournament On Squam Lake (Polish Horseshoes &amp; Beersbee),poleishsports,2018-08-02T00:23:27Z,592,NA,0,BeersBee,beersbee | polish horseshoes frisbee
G0fSxseJIPc,"How To Make Frisknock for $5 | DIY Beersbee, Beer Frisbee, Polish Horseshoes | Best Lawn Games 2020",Dad Does Tech,2017-07-17T21:00:00Z,49919,202,18,BeersBee,beersbee | polish horseshoes frisbee
thMDMwmqUnI,"Tiki Frisbee, Polish Horseshoes, Frisbee game,",Brian Cox,2017-07-16T20:05:45Z,87,1,0,BeersBee,beersbee | polish horseshoes frisbee
lbWPX5ZjkYs,Poleish Sport&#39;s Bottle Bash - Outdoor Game &quot;polish horseshoes&quot;; Get on the Shelf project,poleishsports,2012-02-21T06:28:25Z,2395,8,0,BeersBee,beersbee | polish horseshoes frisbee
XkT5rWCyGNE,Video: The gentleman&#39;s sport of Beersbee,The Leader-Post,2018-02-28T22:16:49Z,202,0,0,BeersBee,beersbee | polish horseshoes frisbee
EINhfgEjj0E,"Polish Horseshoes,beer bottle frisbee, beer frisbee, beer frisbee game, beersbee game, frisbee beer",Disc-Off Tailgating Experience,2015-05-10T03:15:47Z,5308,0,0,BeersBee,beersbee | polish horseshoes frisbee
fM9lWs_PUi0,Beer Frisbee Game AKA Beersbee - UF Vs Bama Tailgating - Canon SX230 HS 720P HD,Paul79UF,2011-10-09T21:50:43Z,634,0,0,BeersBee,beersbee | polish horseshoes frisbee
kFNrnz0pt3E,Polish Horseshoes with Bottle Bash on the Lake #lakelife #beersbee,George Rodriguez,2025-07-03T18:45:43Z,284,2,0,BeersBee,beersbee | polish horseshoes frisbee
6JT8lju4blA,"How To Build Poleish (Frisknock, Beersbe)",RotoCityTech,2020-09-06T13:15:01Z,5092,45,4,BeersBee,beersbee | polish horseshoes frisbee
HcvF_6PuPDE,Beersbee Polish Horseshoes: The Ultimate Lawn Game Upgrade!,Jul Picks,2025-12-25T20:27:02Z,1,0,0,BeersBee,beersbee | polish horseshoes frisbee
6Qlp9YRwqTo,Disc-Off|Polish Horseshoes|Polish Horseshoes Game|Pole-ish Horseshoes|Outdoor Frisbee Game|DISC-OFF,Disc-Off Tailgating Experience,2012-09-02T03:12:43Z,5777,2,1,BeersBee,beersbee | polish horseshoes frisbee
WX-G1tFzojE,"Poleish Sport&#39;s Bottle Bash Multi-Surface Base Accessory - Outdoor Game,  polish horseshoes",poleishsports,2010-06-10T18:22:59Z,3028,2,0,BeersBee,beersbee | polish horseshoes frisbee
NaUb-6SSStk,How to make Beersbee or Polish Horseshoes Game for less than $5.00,how2q,2017-10-18T16:12:41Z,10495,30,4,BeersBee,beersbee | polish horseshoes frisbee
KWG_TytsX6c,"Knockoff   The Basics on Scoring   also known as Beersbee, Polish Horseshoes or Beer Frisbee",Florida,2021-11-19T23:58:28Z,35,1,NA,BeersBee,beersbee | polish horseshoes frisbee
vLrlVXq9Gz4,How To Play: POLISH HORSESHOES | Drinking Game,BEERGAMES101,2013-01-06T18:48:21Z,47251,93,17,BeersBee,beersbee | polish horseshoes frisbee
jQJ9Y5PlRKA,EPIC polish horseshoes beer bottle smash,TheBrowniehockey20,2014-07-05T18:12:20Z,422,1,0,BeersBee,beersbee | polish horseshoes frisbee
oHsSPVpVxdo,How to play beersbee,Ryan Oliveira,2021-08-24T01:56:15Z,876,5,0,BeersBee,beersbee | polish horseshoes frisbee
Z7MLjQxGiVs,Greatest Game of HORSE Ever | Brodie Smith,Brodie Smith,2013-07-17T18:37:31Z,69902589,372714,14577,Frisbee H-O-R-S-E,frisbee horse
WRAXCnKuZmo,EPIC GAME OF FRISBEE H.O.R.S.E!,Sam Tabor,2023-07-18T15:00:25Z,58872,1243,104,Frisbee H-O-R-S-E,frisbee horse
2JwV3cAowD4,Epic Trick Shot Battle | Dude Perfect vs. Brodie Smith,Brodie Smith,2011-10-19T17:25:18Z,20691859,108984,4781,Frisbee H-O-R-S-E,frisbee horse
W8vk5AM8mk0,Lady C retrieving the frisbee at liberty,Imagine A Horse,2022-12-31T01:00:21Z,297,11,0,Frisbee H-O-R-S-E,frisbee horse
qa5T64UZiXQ,FRISBEE - 2026 Top Gun Horse Sale ,Nick Patterson,2026-03-07T17:51:04Z,111,0,0,Frisbee H-O-R-S-E,frisbee horse
4dry2i882Tk,Frisbee vs. Basketball HORSE Game,Brodie Smith Golf,2013-07-18T03:09:27Z,51773,400,19,Frisbee H-O-R-S-E,frisbee horse
XA1rNUns_rQ,Frisbee H.O.R.S.E.,El Cajon Parks & Recreation Department,2020-04-10T18:35:23Z,935,NA,NA,Frisbee H-O-R-S-E,frisbee horse
uYnLKQ62B8k,Fun Friday #13 - Frisbee H.O.R.S.E,City of La Vista,2020-07-13T13:07:44Z,14,0,0,Frisbee H-O-R-S-E,frisbee horse
NlLYMgNmhOc,Rarely Frisbee Horse,amanda dobbs,2023-10-27T23:53:50Z,702,14,2,Frisbee H-O-R-S-E,frisbee horse
Z6teU5VIldI,Frisbee Horse Shoes Nobody comments on his victory,Rustysvilla,2011-01-03T19:05:45Z,56,0,0,Frisbee H-O-R-S-E,frisbee horse
-weqRiVvZ2o,"Are you running this putt? Seriously, you couldn’t park your horse anywhere else? #discgolf #disc",Tree Weaver Disc Golf,2023-10-04T17:06:28Z,10220,68,1,Frisbee H-O-R-S-E,frisbee horse
1TKcCrl-eW8,STEAM HORSE THE LOST FRISBEE,STEAM HORSE,2018-04-17T19:47:55Z,29,4,1,Frisbee H-O-R-S-E,frisbee horse
0mWTWezI6kE,Frisbee Horse Shoes Championships,Rustysvilla,2011-01-03T17:42:16Z,243,1,0,Frisbee H-O-R-S-E,frisbee horse
MWpYRsCO8s0,Greatest Game of HORSE 2 | Brodie Smith,Brodie Smith,2014-12-02T20:00:14Z,16784787,130425,4277,Frisbee H-O-R-S-E,frisbee horse
6JvYPuPOpHA,Frisbee Horse Shoes round 4,Rustysvilla,2011-01-03T17:05:01Z,52,0,0,Frisbee H-O-R-S-E,frisbee horse
GI1qN756oaQ,Very interesting hobby horse competition! #funfacts #hobbyhorse,Global Discovery List,2024-12-01T22:00:15Z,506412,5897,531,Frisbee H-O-R-S-E,frisbee horse
L5t2wJwlK7c,Karen Gillan Throws Frisbees at a Horse? #shorts,Stars in a Minute,2025-12-04T09:29:05Z,38831,694,8,Frisbee H-O-R-S-E,frisbee horse
mf_TNv-A3G4,Frisbee Horse Shoes round 2,Rustysvilla,2011-01-03T16:49:10Z,55,0,0,Frisbee H-O-R-S-E,frisbee horse
FNkI1NLrccY,Frisbee Horse Shoes round 3,Rustysvilla,2011-01-03T16:57:49Z,70,0,0,Frisbee H-O-R-S-E,frisbee horse
6pRziiTxz5M,frisbee (horse),Blitz Min,2016-12-17T13:45:55Z,18,1,NA,Frisbee H-O-R-S-E,frisbee horse
JFXzuaJQyEY,Frisbee Horse Shoes round 6,Rustysvilla,2011-01-03T17:13:32Z,31,0,0,Frisbee H-O-R-S-E,frisbee horse
GC2iplnBdjk,Frisbee Horse Shoes round 5,Rustysvilla,2011-01-03T17:48:31Z,79,0,0,Frisbee H-O-R-S-E,frisbee horse
YJ6wu-KEqwE,Frisbee Super Horse,shadoweater22,2011-11-28T07:48:10Z,125,1,0,Frisbee H-O-R-S-E,frisbee horse
k04HInA8XqE,How to teach your horse frisbee fun,The Everyday Horse,2020-07-04T11:00:12Z,73,4,0,Frisbee H-O-R-S-E,frisbee horse
Al2VCtdpgvw,Breaking Every Rule in Disc Golf - Part 1 - Horse Stance,BlitzDG,2025-05-30T23:15:42Z,37315,222,25,Frisbee H-O-R-S-E,frisbee horse
r7l3EDK1ABI,Michael Conger Breaks Open 70+ Accuracy World Record,World Flying Disc Federation,2019-08-07T15:27:37Z,2399,28,4,Accuracy,accuracy frisbee
Qxf5oECaTok,Insanely awfully frisbee accuracy,Trixshot,2022-10-10T03:44:29Z,300973944,2124010,8932,Accuracy,accuracy frisbee
rwWeTCbNfI4,X COM Overall Disc Accuracy Target Matches Standard,XCOM Disc Discsports Brand,2019-08-21T08:32:58Z,81,0,0,Accuracy,accuracy frisbee
vs_emRoUMhE,Want to Throw A Frisbee Better? Use These 3 Tips! Day 13 of #lockedinfortheholidays,Tannon Hedges,2022-12-14T03:03:01Z,47265,1183,15,Accuracy,accuracy frisbee
NMoDXwNlMhE,Throw farther [AND more accurate] in 3 minutes,Armory Disc Golf,2023-08-29T19:00:10Z,64417,1097,38,Accuracy,accuracy frisbee
0XvN5ExUr5I,How to throw really straight,Latitude 64,2024-06-18T10:15:25Z,797845,15024,128,Accuracy,accuracy frisbee
wGAjmU8k48c,Learn How to “Cast” Your Throws for Maximum Distance | Disc Golf Power Tips with Bradley Williams,Innova Discs,2025-06-06T00:01:09Z,96047,2825,117,Accuracy,accuracy frisbee
Jlyfcrp2-bs,How To Actually Aim Better in Disc Golf,Latitude 64,2025-04-17T13:10:02Z,95625,2443,86,Accuracy,accuracy frisbee
M3Dcet5xx60,How To Throw a Frisbee Like a Pro 🥏🔥,Daily Facts,2025-09-27T01:19:16Z,1666583,33333,64,Accuracy,accuracy frisbee
3Bm69-ZWTEg,How to throw like a PRO,Latitude 64,2025-08-11T08:10:40Z,523219,5007,97,Accuracy,accuracy frisbee
HI-vw1fBgB8,Physics of Flight 4.02: Accuracy | Disc Golf Instructional Series,DynamicDiscs,2019-06-14T16:00:03Z,74598,1309,46,Accuracy,accuracy frisbee
eSW9niiwlHE,AIM LIKE A PRO! Disc Golf Lesson with NIKLAS ANTTILA 😼,Discmania Discs,2025-06-18T15:40:58Z,25373,787,31,Accuracy,accuracy frisbee
Nxtas7X_-Qw,How To Throw Really Far,Latitude 64,2024-05-08T14:52:27Z,1223570,21802,157,Accuracy,accuracy frisbee
gaNJM0ycYXA,How to Actually Throw Better in Disc Golf | Disc Golf Basics,Latitude 64,2025-06-09T06:19:05Z,118183,2938,163,Accuracy,accuracy frisbee
p5gqCxSOg2Y,The BEST Putting Tip In Disc Golf! 🥏 #discgolf #discgolfeveryday,Kyle Eberdt - Disc Golf,2023-06-26T14:11:38Z,509796,4265,165,Accuracy,accuracy frisbee
JCmL4SsVXYY,Most Common Throwing Mistakes in Ultimate Frisbee,Rowan McDonnell,2019-08-15T15:00:02Z,227977,4887,124,Accuracy,accuracy frisbee
aX0MeqFWp9g,How to Instantly Get a Better Forehand in Disc Golf (Tutorial),Gannon Buhr,2025-05-28T16:00:02Z,260717,9088,329,Accuracy,accuracy frisbee
8wqEBqvmOzU,Throw REALLY straight (3 STEPS),Latitude 64,2025-06-18T13:00:25Z,245173,3545,56,Accuracy,accuracy frisbee
FfK7ts2oR0s,This Tip Helped Me Throw Farther and More Accurate (DISC GOLF),Infinite Discs,2024-07-22T21:21:03Z,9425,213,17,Accuracy,accuracy frisbee
DrVCH37gvzY,THIS IS HOW I PUTT 🦅 Eagle McMahon Creator Series Color Glow D-Line Rainmaker (Flex 3),Discmania Discs,2023-04-26T09:14:04Z,209215,4707,29,Accuracy,accuracy frisbee
PepPQkYkYRM,Greatest Frisbee Throw (via brodiesmith),CLASH ON,2024-02-14T14:20:54Z,419112,4267,55,Accuracy,accuracy frisbee
KPxdM8xnqJs,Throw Where You Are Aiming in Disc Golf | Beginner Tips and Tricks,Robbie C Discgolf ,2022-01-27T17:00:11Z,103892,2540,119,Accuracy,accuracy frisbee
bRMDgAnaeK0,How to THROW FARTHER in Disc Golf,DiscGolfCoaches,2021-08-08T22:18:43Z,108725,1685,10,Accuracy,accuracy frisbee
hKx0RgQ2VXI,How To Instantly Throw 75 Feet Further | Disc Golf Basics,Latitude 64,2024-07-05T13:00:48Z,137993,2386,85,Accuracy,accuracy frisbee
AF_ozvLAKps,His Frisbee Skills Are Insane (@frisbeeyourself),FitFix ,2024-08-31T14:00:09Z,348653,10044,133,Accuracy,accuracy frisbee
bWmlni6i7-M,"2026 Barbasol Open at Austin | MPO FINALB9 | Klein, Scott, Robinson, Heimburg | Jomez Disc Golf",JomezPro,2026-05-11T14:15:06Z,169901,9525,1673,Disc Golf,disc golf
xJXqT6FyjXw,"2026 Barbasol Open at Austin | MPO FINALF9 | Klein, Scott, Robinson, Heimburg | Jomez Disc Golf",JomezPro,2026-05-11T14:01:35Z,136393,3269,179,Disc Golf,disc golf
KjzgXv20WB8,Coolest Plastic In Disc Golf (small company)?! | New Meridian Discs Review,Bodanza Disc Reviews,2026-05-13T15:03:29Z,1622,101,15,Disc Golf,disc golf
iLf4MXfn0RM,Final Round Highlights | MPO | 2026 Barbasol Open at Austin,Disc Golf Pro Tour,2026-05-10T22:41:21Z,47906,2166,318,Disc Golf,disc golf
MgZ7tCBYN18,"2026 Resistance Discs Open - R1P1 - Sexton, Perkins, Keegan, Kaneshiro",Central Coast Disc Golf,2026-05-12T19:58:02Z,10664,299,22,Disc Golf,disc golf
e6duS65Eh4o,How to Build The Perfect Disc Golf Bag!,Gannon Buhr,2026-05-12T14:54:02Z,26320,1065,123,Disc Golf,disc golf
5AUYLw709P0,"2026 Barbasol Open at Austin  | MPO R3F9 | Humphries, Edwards, Lizotte, Klein | Jomez Disc Golf",JomezPro,2026-05-10T18:00:03Z,113155,2518,237,Disc Golf,disc golf
-e0mPneSRT8,"2026 Barbasol Open at Austin | FPO FINALB9 | Saarinen, Scoggins, Mandujano, Mertsch |Jomez Disc Golf",JomezPro,2026-05-11T12:45:00Z,25467,885,78,Disc Golf,disc golf
NMmWmlc_NHc,"2026 Barbasol Open at Austin | MPO R1F9 | Anttila, Redalen, Lizotte, Ford | Jomez Disc Golf",JomezPro,2026-05-08T14:00:46Z,150475,3232,235,Disc Golf,disc golf
F1v3Jv0d6Tg,Most Iconic Disc Golf Shots - Top 10,Disc Golf Lore,2025-06-28T03:10:09Z,236851,2299,155,Disc Golf,disc golf
EG3FE7ahAq4,What is the Straightest Fairway Driver? | Flight Numbers Don&#39;t Matter,Six Sided Discs,2026-04-30T15:00:05Z,26970,869,274,Disc Golf,disc golf
XUZmbYA9cQE,Beginners Guide To Disc Golf! And Recommended Discs for NEWBIES!,BeastMade Reviews,2020-03-27T20:02:16Z,175985,1918,114,Disc Golf,disc golf
gaNJM0ycYXA,How to Actually Throw Better in Disc Golf | Disc Golf Basics,Latitude 64,2025-06-09T06:19:05Z,118183,2938,163,Disc Golf,disc golf
k-guEVJO9zA,I Played the Hardest Disc Golf Course in the World,J-Milly Disc Golf,2025-09-10T12:20:26Z,126202,2679,335,Disc Golf,disc golf
eYZpapM9HtE,I Played a Tournament with Just Discmania Discs,J-Milly Disc Golf,2026-05-12T22:33:22Z,14863,674,79,Disc Golf,disc golf
Q2CqqCTx0L8,"Innova presents 2026 WACO | MPO FINALB9 | Anttila, Keith, Krans, Scott | Jomez Disc Golf",JomezPro,2026-05-04T14:15:04Z,159612,4465,364,Disc Golf,disc golf
Y5wyr8IUnYE,"2026 Kansas City Wide Open | MPO FINAL9 | Redalen, Heimburg, Buhr, Wysocki | Jomez Disc Golf",JomezPro,2026-04-27T14:00:57Z,165120,3404,563,Disc Golf,disc golf
aaRifT4Mto4,"2026 Barbasol Open at Austin | FPO FINALF9 | Saarinen, Scoggins, Mandujano, Mertsch |Jomez Disc Golf",JomezPro,2026-05-11T12:30:04Z,22991,676,37,Disc Golf,disc golf
wprxuRVJwX8,"2026 Barbasol Open at Austin | MPO R2F9 | Robinson, Dickerson, Robinson, Edwards | Jomez Disc Golf",JomezPro,2026-05-09T14:01:34Z,125008,2550,191,Disc Golf,disc golf
emTjvYhTdrQ,$10 vs. $1000 Disc Golf Bag Battle,Foundation Disc Golf,2025-07-24T21:00:46Z,90401,1756,123,Disc Golf,disc golf
Naf_Tb1SrrQ,Round 3 Highlights | MPO | 2026 Barbasol Open at Austin,Disc Golf Pro Tour,2026-05-10T02:42:17Z,29733,639,52,Disc Golf,disc golf
xN_iY5KRDYc,"2026 Barbasol Open at Austin  | MPO R3B9 | Humphries, Edwards, Lizotte, Klein | Jomez Disc Golf",JomezPro,2026-05-10T18:15:03Z,86008,2245,204,Disc Golf,disc golf
I89szOW1gO4,Round 1 | MPO | 2026 Discraft&#39;s Supreme Flight Open,Disc Golf Pro Tour,2026-02-28T00:00:03Z,84757,1203,70,Disc Golf,disc golf
N8FmP4mEA0g,"Innova presents 2026 WACO | MPO R1F9 | Heimburg, Anttila, Hammes, Nash | Jomez Disc Golf",JomezPro,2026-05-02T14:00:37Z,169500,3700,386,Disc Golf,disc golf
zmQYeekhvxY,How to Build the Perfect Disc Golf Bag,Six Sided Discs,2025-01-02T16:00:06Z,63218,1352,186,Disc Golf,disc golf
ZgAXskVZI0Y,How to Cover the Golf Ball,Top Speed Golf - Clay Ballard,2016-11-21T14:30:00Z,169981,1785,92,Speed Lid Golf,speed lid golf
fIyq5AAZXHk,The Best Swing for Senior Golfers | Simple &amp; Repeatable,Top Speed Golf - Clay Ballard,2023-02-06T21:15:25Z,422149,2422,22,Speed Lid Golf,speed lid golf
O-q15_IkLEc,BEST GOLF BALLS FOR SENIORS IN 2025 → MAXIMIZE DISTANCE &amp; SOFT FEEL FOR SLOW SWING SPEEDS,Sport Insight,2025-08-19T21:07:32Z,3804,12,0,Speed Lid Golf,speed lid golf
zxxU1GDH7MA,The Best Swing For Senior Golfers | Simple &amp; Repeatable,Top Speed Golf - Clay Ballard,2020-12-18T12:00:19Z,1236322,6810,160,Speed Lid Golf,speed lid golf
vGvZT9XCmoI,BOOST Clubhead Speed With THESE Easy Must-Try Golf Swing Exercises!,Easiest Swing,2024-10-19T18:00:27Z,71270,1558,67,Speed Lid Golf,speed lid golf
si1nau1M5cg,5 Speed Stick Drills for Increase Driver Club Head Speed #golfexercise #swingspeed #speedstick,Macro Golf,2023-07-26T15:02:41Z,177956,814,22,Speed Lid Golf,speed lid golf
KUnuoPjnpOw,Add 12 mph of clubhead speed in under an hour,Golf.com,2026-03-04T16:15:01Z,80904,744,42,Speed Lid Golf,speed lid golf
jvTguqC3VJw,The Secret to Effortless Power? Speed Up Your Backswing!,Athletic Motion Golf,2025-10-19T14:15:07Z,1728985,4356,440,Speed Lid Golf,speed lid golf
NpZL9jCSQ2Q,You Will Never Hit Your Driver The Same Again | 3 5&#39;s Drill,Top Speed Golf - Clay Ballard,2021-07-05T11:00:24Z,1356220,17173,236,Speed Lid Golf,speed lid golf
UcFHijhq2vM,This is the EASIEST way to gain swing speed as a golfer! #golfswing #golf,SuperSpeed Golf,2023-11-28T00:43:09Z,38256,293,8,Speed Lid Golf,speed lid golf
iR4gooQC4gs,#golfdrills #golftips #golf #golfer #golfswing #golflesson #swingspeed #golffitness #golfexercise,Joshua Crews,2025-06-24T00:28:05Z,5012030,14142,216,Speed Lid Golf,speed lid golf
U2J2IqFyL7I,Guaranteed Compression On Every Swing,Top Speed Golf - Clay Ballard,2021-09-24T11:00:14Z,178750,2619,90,Speed Lid Golf,speed lid golf
SfRK23KNzQE,Increase Swing Speed | Left Hand Drill,Top Speed Golf - Clay Ballard,2016-07-04T13:00:03Z,349589,3551,101,Speed Lid Golf,speed lid golf
dg4QUgTHEbs,How To INCREASE Your CLUB HEAD SPEED In Golf,Durland Golf School,2022-08-29T16:50:00Z,154037,590,9,Speed Lid Golf,speed lid golf
lRFFHvy8Qe0,INSANE Bubbie Golf 213 mph Ball Speed Driver Swing Analysis (slo mo) #slowmotiongolfswings #golftips,Bryce Mooney Golf,2024-05-14T20:53:44Z,1522942,8950,507,Speed Lid Golf,speed lid golf
hzfTR32hqzk,Golf Speed Training - How It Works! #golf #golfswing #speedtoad,Speed Toad,2025-06-11T23:51:55Z,15211,63,2,Speed Lid Golf,speed lid golf
N1Yd_CXkdi4,How to Hit the Ball Then The Turf With Your Irons,Top Speed Golf - Clay Ballard,2018-01-12T14:00:04Z,7595926,50963,1165,Speed Lid Golf,speed lid golf
2fD4uzk-YiE,Add Distance Now: Best Golf Balls for Slow Swing Speeds (2025),Fifer Sports,2025-12-01T21:00:08Z,4744,38,2,Speed Lid Golf,speed lid golf
VQKxEbiR5sQ,The Best Golf Tips To Strike Your Irons PURE!,Top Speed Golf - Clay Ballard,2020-04-01T11:00:11Z,996618,9652,325,Speed Lid Golf,speed lid golf
wL_NxuEG0m4,They gave him a wooden driver and he still delivered 😳👏 | #Shorts,SportsNation,2021-10-15T00:58:08Z,110298037,4959307,21028,Speed Lid Golf,speed lid golf
P2jpbl3mAsk,ILLEGAL Kaede Max GOLF BALLS 😬 #golf #ball,Luke Hanlon Golf,2024-06-13T19:14:29Z,2719105,15334,124,Speed Lid Golf,speed lid golf
SI_NIv7LikA,You Can Get Over 100 MPH Clubhead Speed (Golf Swing Tips),Coach Lockey,2024-06-24T15:00:32Z,90300,1299,46,Speed Lid Golf,speed lid golf
4GZ8hF9dmAk,Improve your downswing with the feeling of throwing an axe!😳 #golf,Chris Como Golf,2024-04-08T15:36:48Z,955981,14459,706,Speed Lid Golf,speed lid golf
_UU-9gt9m28,How To Finally Shallow The Golf Club | The 2 Stick Drill,Top Speed Golf - Clay Ballard,2020-11-13T12:00:41Z,164739,2408,60,Speed Lid Golf,speed lid golf
BE3dz2w34dE,How to Properly Setup Your Clubs In Your Golf Bag! #shorts #golf,Josh Kelley Golf,2022-05-10T16:04:47Z,1863700,40900,316,Speed Lid Golf,speed lid golf
hKx0RgQ2VXI,How To Instantly Throw 75 Feet Further | Disc Golf Basics,Latitude 64,2024-07-05T13:00:48Z,137989,2386,85,Distance,distance frisbee
wGAjmU8k48c,Learn How to “Cast” Your Throws for Maximum Distance | Disc Golf Power Tips with Bradley Williams,Innova Discs,2025-06-06T00:01:09Z,96047,2825,117,Distance,distance frisbee
GkVsln1_VL8,How Far Can &quot;Normal&quot; People Throw?,Dynamic Discs Clips,2021-01-12T19:00:04Z,23638,350,67,Distance,distance frisbee
7NBmCr_VyWA,The Art of Distance Throwing: How to Master the Backhand in Disc Golf,Tossing Plastic Disc Golf,2024-03-10T23:30:01Z,7257,311,50,Distance,distance frisbee
BvCAWpzFCwQ,Anthony Barela Crushing Drive Over The Lake and The Road! 🥏💪 #discgolf,Disc Golf United,2024-11-11T19:44:10Z,188035150,2285562,1633,Distance,distance frisbee
-4785JLeh50,Disc Golf Distance Record | 1970 - 2022 Evolution #discgolf #worldrecord,Disc Golf Content,2021-12-30T18:24:23Z,145388,1634,471,Distance,distance frisbee
Nxtas7X_-Qw,How To Throw Really Far,Latitude 64,2024-05-08T14:52:27Z,1223570,21802,157,Distance,distance frisbee
XIuO1dof_xk,You Won’t Believe How Far They Threw – 2024 US Distance Championship at USDGC at Winthrop!,Go Throw Disc Golf,2025-05-12T01:30:06Z,91999,1139,358,Distance,distance frisbee
r3S2HGMKmfk,Create LAG to get HUGE Distance #discgolf,Disc Golf Teacher,2023-08-29T02:30:31Z,220466,3518,94,Distance,distance frisbee
vWEz5pm31rI,How to Throw MID RANGE - Disc Golf,Ben's Big Drive,2021-08-20T21:44:03Z,88074,1994,191,Distance,distance frisbee
Fwj7B3jGwUU,DOES ARMSPEED EQUAL DISTANCE?!,Simon Lizotte,2021-09-24T14:15:46Z,194647,6515,961,Distance,distance frisbee
NMoDXwNlMhE,Throw farther [AND more accurate] in 3 minutes,Armory Disc Golf,2023-08-29T19:00:10Z,64410,1097,38,Distance,distance frisbee
7xCMwB3J-r0,How to Actually Throw Far in Disc Golf (Tutorial),Gannon Buhr,2025-06-09T16:00:20Z,217599,9169,465,Distance,distance frisbee
_2km8y_vALk,Jeremy Koling Huge Disc Golf Drive at the Japan Open! 🥏💪,Disc Golf United,2023-05-20T01:54:37Z,1119454,8509,140,Distance,distance frisbee
IYmbWzgsafc,"AB, 713ft 🤯🔥 (Anthony Barela, DGPT Distance Competition) #maxD #bomb #ABonFire #discgolf",N Squared Disc Golf,2024-02-20T11:00:12Z,679834,7388,179,Distance,distance frisbee
DRiFS_LErJQ,Mythbusting Disc Golf Internet Distance!,Swanky Disc Golf,2023-10-02T19:00:09Z,35207,661,162,Distance,distance frisbee
FOros3VVrHQ,MVP Octane is my choice for a high-speed distance driver! Here&#39;s why ☝️ #ThrowingThursday,Bailey Brown Disc Golf,2023-04-13T20:55:49Z,10673,117,7,Distance,distance frisbee
n6Lt_uDiQ5Y,How to Get MORE DISTANCE in Disc Golf,JustDisc,2021-05-31T17:32:47Z,129055,2268,114,Distance,distance frisbee
bRMDgAnaeK0,How to THROW FARTHER in Disc Golf,DiscGolfCoaches,2021-08-08T22:18:43Z,108725,1685,10,Distance,distance frisbee
JpaEOpsNk-I,This hack equals more distance? (TESTED!),Latitude 64,2024-10-16T13:08:13Z,239179,2652,81,Distance,distance frisbee
Mvhhp4eu6P0,Gannon Buhr VS. Silas Schultz Distance Competition,Gannon Buhr,2025-10-07T15:30:23Z,36846,1108,49,Distance,distance frisbee
6hWKX1Jxo8Q,Disc choice matters. Here is great example of understable vs stable #discgolf,Flight Path Living,2023-08-13T09:19:15Z,177155,1217,88,Distance,distance frisbee
BxSLv6iQBYk,Max Distance Achieved: Realistic Limits in Distance Competitions,Go Throw Disc Golf,2025-03-16T20:03:35Z,78902,1268,84,Distance,distance frisbee
2nxHJyE4lqU,Just a little physics hack to throw farther 🙂 #discgolf #frisbee #coach,Nick Krush Disc Golf & Fitness,2025-04-17T21:43:11Z,239253,3841,174,Distance,distance frisbee
uQIzQcY05nE,Power Pocket Explained!! (For Distance) - Disc Golf,Ezra Aderhold,2020-12-17T23:50:55Z,140246,6528,448,Distance,distance frisbee
EiBmckJ4BKQ,"Frisbee Throw , Run and Catch (TRC)",swos,2007-04-16T12:16:00Z,15987,14,7,Self-Caught Flight,mta frisbee | trc frisbee | throw run catch
sSbfUfRkntY,Grade 4 Girls Attempt Self Caught Flight Frisbee World Records,Frisbee Rob,2015-10-23T23:09:34Z,732,8,NA,Self-Caught Flight,mta frisbee | trc frisbee | throw run catch
j1JRCRmAda8,92.4 metres - World Record for Throw Run Catch (TRC) on Ice Skates,Frisbee Rob,2018-03-01T09:41:11Z,1093,6,2,Self-Caught Flight,mta frisbee | trc frisbee | throw run catch
Et-htEzXn_c,"Throw, Run and Catch (TRC) on Ice Skates WFDF &amp; Guinness World Record",Frisbee Rob,2015-02-20T01:31:33Z,2463,15,3,Self-Caught Flight,mta frisbee | trc frisbee | throw run catch
Ad5o7E6FqPs,2019 World Champion in Self Caught Flight - Frisbee Rob McLeod,Frisbee Rob,2019-08-10T21:12:25Z,7416,68,4,Self-Caught Flight,mta frisbee | trc frisbee | throw run catch
qo_S1cN4kDM,World Champion Rob McLeod Throws a 15.37 second MTA and 79 metre TRC,Frisbee Rob,2013-07-24T00:35:14Z,12501,47,14,Self-Caught Flight,mta frisbee | trc frisbee | throw run catch
BR7hLGgDuGE,U6 Boys MTA World Record - William Sterrett (2.97 seconds),World Flying Disc Federation,2021-01-05T08:31:00Z,2138,41,4,Self-Caught Flight,mta frisbee | trc frisbee | throw run catch
8GUJD-OOZR8,World Champion Rob McLeod Throws a 12.15 second MTA and 74 metre TRC,Frisbee Rob,2014-07-20T00:02:07Z,1337,8,0,Self-Caught Flight,mta frisbee | trc frisbee | throw run catch
Tw-3kAky288,Frisbee Rob Throws 16+ second MTA at Virginia State Frisbee Tournament (no catch),Frisbee Rob,2020-03-30T23:09:15Z,326,3,1,Self-Caught Flight,mta frisbee | trc frisbee | throw run catch
kJ09W8aAtrU,"Throw, Run and Catch – Frisbee Over 12 seconds in the Air",DG Spin Doctor,2022-07-31T10:20:28Z,5985,104,11,Self-Caught Flight,mta frisbee | trc frisbee | throw run catch
l4T2L3LwcCM,2015 Virginia State Frisbee Tournament Winning MTA,Frisbee Rob,2015-04-23T12:34:00Z,722,8,1,Self-Caught Flight,mta frisbee | trc frisbee | throw run catch
iu0932hhuCw,ROK-U: MTA Attempt,rokultimate,2011-07-12T17:00:39Z,400,2,0,Self-Caught Flight,mta frisbee | trc frisbee | throw run catch
Pmvsk_GKJOk,"frisbee game , MTA #frisbee #mta #frisbeegolf",FrisbeeMTA,2023-05-05T01:10:43Z,2595,42,0,Self-Caught Flight,mta frisbee | trc frisbee | throw run catch
wOtDhQ1xEsM,Guinness World Record - Highest score flying disc self-caught flight on inline skates,Frisbee Rob,2022-11-11T23:42:50Z,281,3,0,Self-Caught Flight,mta frisbee | trc frisbee | throw run catch
bKQCijOEZsI,Mini Disc TRC World Record on Ice Skates,Frisbee Rob,2018-12-13T16:51:49Z,126,2,0,Self-Caught Flight,mta frisbee | trc frisbee | throw run catch
NHpWGifgRc8,"MTA on Snowshoes with a Frisbee in Woodstock, New Brunswick",Frisbee Rob,2015-02-22T17:15:21Z,926,9,5,Self-Caught Flight,mta frisbee | trc frisbee | throw run catch
ymvdo3F0bx0,Guinness World Record - Longest flying disc throw and catch on inline skates,Frisbee Rob,2022-11-12T18:08:51Z,2581,7,0,Self-Caught Flight,mta frisbee | trc frisbee | throw run catch
zdSxJhqo4wg,CTV News Calgary - Rob McLeod and Davy Whippet Attempt Canine MTA World Record,Frisbee Rob,2014-10-12T01:32:44Z,443,3,1,Self-Caught Flight,mta frisbee | trc frisbee | throw run catch
8cYtQZTzUKo,SKY #frisbee #highlight #ultimate #throw #catch,Frisbee High Life,2023-02-07T21:08:17Z,5969,90,0,Self-Caught Flight,mta frisbee | trc frisbee | throw run catch
3f2gq8UktQw,Frisbee Rob Self-Caught Flight Training - July 15 2022,Frisbee Rob,2022-07-15T20:47:21Z,562,13,5,Self-Caught Flight,mta frisbee | trc frisbee | throw run catch
sNRlq4kQaMo,Guinness World Records Holder Rob McLeod Frisbee on Ice Training,Frisbee Rob,2015-01-10T10:44:13Z,2478,10,6,Self-Caught Flight,mta frisbee | trc frisbee | throw run catch
u02OHLjOEnA,Throw Run and Catch from the 38th All Japan Overall Championships.,horiant,2013-08-01T01:58:46Z,701,2,0,Self-Caught Flight,mta frisbee | trc frisbee | throw run catch
uFgt63zTbCc,Frisbee Rob Going for New Guinness World Record at the 2022 Silver Skate Festival,Frisbee Rob,2022-01-14T19:56:19Z,815,18,5,Self-Caught Flight,mta frisbee | trc frisbee | throw run catch
_1JWmdblqic,Snowbank MTA Missed Catch During World Record Attempts,Frisbee Rob,2015-02-25T21:04:57Z,264,1,0,Self-Caught Flight,mta frisbee | trc frisbee | throw run catch
NK5viOmMs1M,Mini Disc Self Caught Flight on Ice Skates World Records,Frisbee Rob,2018-12-13T18:41:51Z,95,1,0,Self-Caught Flight,mta frisbee | trc frisbee | throw run catch
EAp2lZAPJho,DDC Men&#39;s Final - 2016 US Open Overall Flying Disc Championships,Frisbee Rob,2016-08-25T21:48:13Z,2596,21,15,Discathon,discathon frisbee | discathon disc
m0dYeRlcTaQ,Double Disc Court (DDC) Frisbee - Saisonauftakt 2023 - &quot;Ultimate Rainbirds&quot; vs „no name“,Moskitos Ultimate Frisbee - MTV München,2023-04-23T19:44:37Z,243,11,0,Discathon,discathon frisbee | discathon disc
XyaKBvtHz9c,Open Discathon final at the 2009 Worlds,Mikael Zewgren,2009-12-29T21:54:24Z,877,3,0,Discathon,discathon frisbee | discathon disc
_htfyC9PfXo,SM-final discathon open,Infostig film och berättelser,2019-06-29T05:51:08Z,1514,11,1,Discathon,discathon frisbee | discathon disc
tvpbEh1bGJ0,"1990 US Open Frisbee Championships: Distance, Episode 1",gettybfree,2008-12-31T06:02:47Z,2767,11,3,Discathon,discathon frisbee | discathon disc
RfyoQT1Qs0I,"1990 US Open Frisbee Championships: Discathon, MTA  and Freestyle, Episode 6/7",gettybfree,2009-01-02T02:11:23Z,7460,14,1,Discathon,discathon frisbee | discathon disc
lcISKTO5JWY,Freestyle Frisbee ( MTA ),Alex Joseph,2021-05-17T05:42:43Z,104,13,0,Discathon,discathon frisbee | discathon disc
cLdNefy6ir0,1988 US Open Frisbee Championships: DDC/Discathon (6/8),gettybfree,2009-01-20T09:33:03Z,2568,11,0,Discathon,discathon frisbee | discathon disc
nszaRylOxus,How To Play Double Disc Court (DDC),Escape!! Frisbee,2010-01-03T02:17:31Z,74153,264,20,Discathon,discathon frisbee | discathon disc
5_vDrFdNsDc,Players Try to Name all 10 Flying Disc Disciplines,World Flying Disc Federation,2020-12-23T18:42:21Z,1500,30,19,Discathon,discathon frisbee | discathon disc
lfHvhnxpyiw,Freestyle Frisbee MTA with 180,Alex Joseph,2021-07-07T04:27:57Z,1012,48,1,Discathon,discathon frisbee | discathon disc
CLgONeGpEV4,Discathon Finals - 2011 WFDF World Overall Flying Disc Championships,Frisbee Rob,2011-07-28T17:10:47Z,8351,14,3,Discathon,discathon frisbee | discathon disc
PWhyBNIhKO4,Jeremy and Randal vs. Todd and Brian - Double Disc Court - Game 1,#PickupUltimateIsFun,2020-06-11T02:40:08Z,673,9,7,Discathon,discathon frisbee | discathon disc
jIKXkMq9ljk,2022 WFDF Overall disc world championship finals,Frizbee Mike,2022-08-09T03:35:19Z,284,5,0,Discathon,discathon frisbee | discathon disc
_19xCAPHjuk,2019 WFDF Overall Flying Disc Championships Promo,BellCo Productions,2019-06-19T14:11:17Z,86,0,0,Discathon,discathon frisbee | discathon disc
iaF4aFXiwFY,"*Discathon • LUFS Masters - livestream , kval + FINAL",Studio Allround,2021-09-19T03:22:03Z,9,1,0,Discathon,discathon frisbee | discathon disc
pofvdDLx1h0,SM-final discathon damer,Infostig film och berättelser,2019-06-27T20:53:05Z,167,2,0,Discathon,discathon frisbee | discathon disc
2JpI_PAtg-4,Mini Disc MTA World Record on Ice Skates,Frisbee Rob,2018-12-13T16:51:26Z,87,1,0,Discathon,discathon frisbee | discathon disc
n7-lGogsai4,"1990 US Open Frisbee Championships: Disc Golf, Episode 5",gettybfree,2009-01-01T22:32:26Z,11125,35,6,Discathon,discathon frisbee | discathon disc
DHT4m_46pqc,The Frisbee Show - Episode 3 - 2019 WFDF World Overall Flying Disc Championships,World Flying Disc Federation,2019-07-10T02:14:59Z,704,7,0,Discathon,discathon frisbee | discathon disc
t8e270wdwZI,SM-final discathon juniorer,Infostig film och berättelser,2019-06-29T05:44:11Z,139,0,0,Discathon,discathon frisbee | discathon disc
5vz0XoGhHPk,MTV München - Moskitos: Discathon (aus dem Overall Frisbee),Moskitos Ultimate Frisbee - MTV München,2021-04-18T13:29:16Z,181,18,0,Discathon,discathon frisbee | discathon disc
ckXh8StGlS0,Pt. 7 - Finished my first discathon race in 25 years and didn&#39;t finish last! Follow on my Facebook.,Scott Stokely,2025-08-10T16:30:57Z,1367,37,3,Discathon,discathon frisbee | discathon disc
3r7W1vXaEPk,World Champion Jack Cooksey Explains an Overall Disc Sports Competition,Frisbee Rob,2012-03-27T17:33:06Z,1160,10,0,Discathon,discathon frisbee | discathon disc
onZgw6K3GH0,"1990 US Open Frisbee Championships: DDC, Episode 4/7",gettybfree,2009-01-01T09:58:11Z,3156,4,1,Discathon,discathon frisbee | discathon disc
E4StzXTwV34,World Champion Freestyle Frisbee: Spread the Jam Project (The Great Wall),spreadthejamproject,2012-12-26T21:17:25Z,174029,740,66,Freestyle,freestyle frisbee
l721-Io1bqU,Amazing Frisbee Freestyle Tricks,Brodie Smith,2012-06-22T20:54:36Z,124176,3466,347,Freestyle,freestyle frisbee
5B2lwGOmxYs,Introduction to Freestyle Disc (Frisbee),Frisbee Rob,2018-02-05T06:00:54Z,31297,198,19,Freestyle,freestyle frisbee
gHgaiG3-zvI,Freestyle frisbee Coloradicals Castiglia Branigan Wright 1st place 1984 US Open La Mirada,Larry Imperiale,2017-12-26T00:45:14Z,1090,26,1,Freestyle,freestyle frisbee
3V0rE_pABTA,Reworking moves - which is cooler?? #frisbee #freestyle,William Ho,2025-09-22T06:47:47Z,1408,19,2,Freestyle,freestyle frisbee
32QyhqVkgrY,Gold Medal Routine - World Urban Games Flying Disc Freestyle,World Flying Disc Federation,2019-09-19T00:50:44Z,47202,354,35,Freestyle,freestyle frisbee
qr326ES0GGU,Freestyle Frisbee: Ray Hoggard | Liszt - Hungarian Rhapsody No. 2,TheFreestyleFrisbee,2025-08-22T15:41:59Z,432,27,2,Freestyle,freestyle frisbee
xg4TMFLXehE,Freestyle Frisbee: Discovering new combos!,William Ho,2025-10-04T03:36:48Z,232,6,0,Freestyle,freestyle frisbee
RGATbVDmNaI,Freestyle Frisbee Superstars Show Off World Championship Moves,You Asked For It,2023-07-25T17:13:39Z,3869,68,3,Freestyle,freestyle frisbee
Sytt_0aHqQU,Freestyle Frisbee Tutorials: Basic Self Throw,TheFreestyleFrisbee,2014-03-02T03:06:33Z,19491,183,7,Freestyle,freestyle frisbee
Z07lnMPgaPU,Freestyle Frisbee: Cold Windy Night,William Ho,2026-02-24T20:35:49Z,71,4,0,Freestyle,freestyle frisbee
EQz6yEITWHY,Frisbeer 2023: Daniel O&#39;Neill &amp; James Wiseman (Freestyle Frisbee Semis),Freestyle Frisbee: Study Tapes,2023-05-07T16:42:05Z,266,14,0,Freestyle,freestyle frisbee
x3uvoG461OU,"Freestyle Frisbee: Best Friends Jam (Jake, Ryan, and James) (May 28, 2018)",Freestyle Frisbee,2018-06-19T16:46:31Z,34916,386,39,Freestyle,freestyle frisbee
3qm0IEufwS8,Flying Disc Freestyle,World Flying Disc Federation,2019-09-20T23:36:18Z,1948,29,2,Freestyle,freestyle frisbee
PepPQkYkYRM,Greatest Frisbee Throw (via brodiesmith),CLASH ON,2024-02-14T14:20:54Z,419112,4267,55,Freestyle,freestyle frisbee
qkGSR-KP5m8,Daily skids #freestyle #frisbee,William Ho,2025-09-11T01:39:22Z,926,23,2,Freestyle,freestyle frisbee
2_SIZJ4UAuM,Freestyle Frisbee: Ayal and Daniel (A*W),New York Freestyle Frisbee,2017-08-25T16:00:38Z,643,14,0,Freestyle,freestyle frisbee
o8q7auLARMQ,INSANE catch by Pittsburgh’s Tristan Yarter! #highlights #frisbee,Ultiworld - Ultimate Frisbee,2024-11-10T21:22:57Z,138328249,2778770,9193,Freestyle,freestyle frisbee
Rbk5VY9cr94,"Freestyle Frisbee: Alex Leist, Jakub Kostel, Giovanni Coppo",New York Freestyle Frisbee,2016-08-01T15:45:30Z,3857,37,1,Freestyle,freestyle frisbee
IgGk3TUGngQ,Incredible Dog Challenge: Freestyle Disc National Finals | NBC Sports,NBC Sports,2024-12-02T01:16:29Z,22186,137,5,Freestyle,freestyle frisbee
qOuV_hi0HC8,20 Cool Frisbee Trick Throws and Skills - Frisbee Freestyle,Ultimate101,2019-05-15T03:43:40Z,65697,783,27,Freestyle,freestyle frisbee
kH32yWknK9U,Freestyle Frisbee: One-on-one with Deano,William Ho,2026-01-22T18:26:15Z,73,5,4,Freestyle,freestyle frisbee
cRZ7wkjMhxY,Throw so good it came back for more! 🥏#frisbee #boomerang #flyingdisc #trickshot #keeplifefun,Waboba,2025-02-26T16:49:31Z,693482,4262,54,Freestyle,freestyle frisbee
U-kgHfRNDik,"Freestyle Frisbee - The Catch of the same day (with Dani, Harry, Benno &amp; Olli) ",olli.option,2025-10-03T14:11:06Z,115,7,4,Freestyle,freestyle frisbee
3EEmmXiSrNk,Why Couldnt He Just Catch It?!🐕🥏#dog #pets #frisbee  #freestyle #challenge #trickshot #fitness,Frisbiano Ronaldo,2025-03-18T01:06:03Z,28659,287,7,Freestyle,freestyle frisbee
kYsPyYWgq9o,"Flying Disc 1st Place - Incredible Dog Challenge 2015 Huntington Beach, CA",Purina Pro Plan,2015-07-02T19:37:21Z,1852386,9713,NA,Canine Disc,disc dog | canine disc
IgGk3TUGngQ,Incredible Dog Challenge: Freestyle Disc National Finals | NBC Sports,NBC Sports,2024-12-02T01:16:29Z,22186,137,5,Canine Disc,disc dog | canine disc
gcHHYy-keU4,Teach Your Dog to Catch a Disc (Step-by-Step EASY Guide),McCann Dog Training,2025-08-30T12:30:51Z,7937,174,9,Canine Disc,disc dog | canine disc
fmqATAER6eM,Learn To Throw Like A Disc Dog Pro *HINT* It&#39;s ALL In The Wrist;),McCann Dog Training,2019-05-20T23:30:00Z,54679,1007,45,Canine Disc,disc dog | canine disc
trrQfKSNewk,What are Disc Dogs? How They Compete and How To Train Your Dog!,Scott Stokely,2024-05-01T15:23:48Z,1989,68,13,Canine Disc,disc dog | canine disc
VPwyTSHIAVA,Incredible Dog Challenge 2025: Freestyle Flying Disc National Finals | NBC Sports,NBC Sports,2025-12-01T01:01:33Z,3470,44,2,Canine Disc,disc dog | canine disc
xEkws7jQt2k,Incredible Dog Challenge 2025: Freestyle Flying Disc Competition Eastern Regional | NBC Sports,NBC Sports,2025-07-06T22:03:53Z,9087,50,2,Canine Disc,disc dog | canine disc
xUXBXCFqwwc,"Incredible Dog Challenge: Weave, Flying Disc, Fetch It National Final | NBC Sports",NBC Sports,2024-06-17T14:47:50Z,137301,443,21,Canine Disc,disc dog | canine disc
r_cTqAd-Vfg,Frisbee Dog Training,Wild Dogs,2024-05-24T15:48:58Z,59908,2467,57,Canine Disc,disc dog | canine disc
sGhePFV_iw0,Teach Your Dog To Play Frisbee | Dog Training,Official SuperDogs,2020-04-25T14:00:20Z,32984,488,30,Canine Disc,disc dog | canine disc
HPGkH3Dm7Yo,How to Train Your Dog to Play Frisbee!,Zak George’s Dog Training Revolution,2017-11-11T16:00:03Z,200242,5768,253,Canine Disc,disc dog | canine disc
YaoH9lZ6ZM4,1st Place Freestyle Flying Disc - Incredible Dog Challenge 2024,Purina,2024-07-15T20:34:34Z,3812,NA,NA,Canine Disc,disc dog | canine disc
zvX1KNYhsy8,Disc Dog Floater Toss - Andrea Rigler,Disc Dog University,2019-07-23T21:57:53Z,11936,240,5,Canine Disc,disc dog | canine disc
9mNrrjiqt4Y,Frisbee Throwing Tips From A 5X World Champion Of Disc Dog #Shorts,McCann Dog Training,2021-10-12T11:15:00Z,68554,1777,18,Canine Disc,disc dog | canine disc
ck9PI_t2vV8,Disc Dog Training: How to Throw a Roller,Blue-9 Pet Products,2021-07-22T01:33:50Z,4080,55,1,Canine Disc,disc dog | canine disc
AIFOZsn-bFE,How to Teach your Dog to Catch a Frisbee in the Air,Zak George’s Dog Training Revolution,2012-06-06T08:22:25Z,457726,8577,362,Canine Disc,disc dog | canine disc
BYrmhSS3TJM,Product review dog discs hyperflite and hero discs,Mindy’s Channel,2019-01-02T14:30:35Z,3490,38,17,Canine Disc,disc dog | canine disc
XVVsC-j1QOw,My favorite dog disc; the Chuckit Zipflight,K-Slay Plays,2020-05-12T07:14:21Z,3434,48,13,Canine Disc,disc dog | canine disc
kcCKJpQAnxs,Disc Dog - how to start the training,Naturally Happy Dogs,2021-06-09T08:38:25Z,22059,358,13,Canine Disc,disc dog | canine disc
qHwIhiwpHgc,Incredible Dog Challenge: Dog Diving National Championship | NBC Sports,NBC Sports,2024-06-17T14:39:59Z,3385399,11647,195,Canine Disc,disc dog | canine disc
I_uXxqyv8ik,"Top Dogs: Flying Disc Dogs from Stockton, California",Top Dogs Television,2020-03-20T15:16:38Z,2367,9,0,Canine Disc,disc dog | canine disc
22kdCijDcgA,Freestyle disc dog tricks with our ACD Psycho Suzi! #rescuedog #cattledog #frisbeedog #dogshorts,Fairly Odd Dogs,2025-07-13T17:26:14Z,5583,265,14,Canine Disc,disc dog | canine disc
_Pwuug52T7U,Best Dog Frisbee | Nerf Flyer is Strong and Flies Far!,JMG ENTERPRISES  ,2023-01-03T02:18:55Z,4922,44,18,Canine Disc,disc dog | canine disc
aZvNHojzX0M,Two Disc Dog Drills- Mark Muir- Dog Training Frisbee,Kikopup,2011-12-08T06:37:44Z,13489,106,6,Canine Disc,disc dog | canine disc
qoi_KwgpLcQ,This dog caught a 109 yard frisbee catch! #shorts #frisbee,Sporty,2024-03-13T20:00:31Z,1628214,112659,3202,Canine Disc,disc dog | canine disc
kYsPyYWgq9o,"Flying Disc 1st Place - Incredible Dog Challenge 2015 Huntington Beach, CA",Purina Pro Plan,2015-07-02T19:37:21Z,1852386,9713,NA,Overall,overall flying disc | overall frisbee
o8q7auLARMQ,INSANE catch by Pittsburgh’s Tristan Yarter! #highlights #frisbee,Ultiworld - Ultimate Frisbee,2024-11-10T21:22:57Z,138328249,2778770,9193,Overall,overall flying disc | overall frisbee
PepPQkYkYRM,Greatest Frisbee Throw (via brodiesmith),CLASH ON,2024-02-14T14:20:54Z,419112,4267,55,Overall,overall flying disc | overall frisbee
wk_T7mrDp9I,Guy that won&#39;t call a &#39;flying disc&#39; a &#39;frisbee&#39;,Fairbairn Films,2023-01-30T07:43:16Z,143767,11163,537,Overall,overall flying disc | overall frisbee
YgaUxFOPpg4,Ultimate Frisbee Top 10 Plays | 2025 UFA season,UFA Ultimate Frisbee Association,2025-08-29T14:47:29Z,454475,2943,76,Overall,overall flying disc | overall frisbee
dxBiaWaAyd8,New Viral Gadgets!😍 Awesome Flying Disc Montage✨ |#shorts #gadgets,Quick Gadgets,2023-07-30T05:30:20Z,619509,NA,50,Overall,overall flying disc | overall frisbee
VR97dX8lkfQ,How to Choose the Right Frisbee (Flying Disc),Frisbee Rob,2018-01-05T15:51:57Z,25427,352,36,Overall,overall flying disc | overall frisbee
-ObxHQjran8,Flying Disc Crochet Pattern &amp; Tutorial,Jayda InStitches,2018-06-22T13:32:12Z,77958,2010,375,Overall,overall flying disc | overall frisbee
cRZ7wkjMhxY,Throw so good it came back for more! 🥏#frisbee #boomerang #flyingdisc #trickshot #keeplifefun,Waboba,2025-02-26T16:49:31Z,693482,4262,54,Overall,overall flying disc | overall frisbee
IVfjTNIuubQ,Disc Golf Ace by Jakson Griffith,Innova Discs,2021-06-13T15:12:29Z,4218191,90223,1438,Overall,overall flying disc | overall frisbee
Ldgt7ZYxTcU,Top 10 Moments of the 2022 Disc Golf Pro Tour Championship,JomezPro,2022-10-18T18:00:10Z,347839,2487,123,Overall,overall flying disc | overall frisbee
AF_ozvLAKps,His Frisbee Skills Are Insane (@frisbeeyourself),FitFix ,2024-08-31T14:00:09Z,348653,10044,133,Overall,overall flying disc | overall frisbee
4HI2ZYXzTTM,The Frisbee Show - Episode 1 - 2019 World Overall Flying Disc Championships,World Flying Disc Federation,2019-07-08T05:18:30Z,609,17,1,Overall,overall flying disc | overall frisbee
MX7DNybDmPI,Innova Roadrunner Disc Review The FLIPPIEST Fairway Driver? #discgolf #innovadiscgolf #shorts,Discfluencer,2024-11-14T21:06:31Z,332980,1923,147,Overall,overall flying disc | overall frisbee
jhllUYDLVIQ,The flying disc that GLOWS?! 👀 #waboba #frisbee #toys #glowinthedark #nighttime,Waboba,2025-09-09T15:08:16Z,124268,499,7,Overall,overall flying disc | overall frisbee
Nxtas7X_-Qw,How To Throw Really Far,Latitude 64,2024-05-08T14:52:27Z,1223570,21802,157,Overall,overall flying disc | overall frisbee
grOEu3eNJSc,SUUUUIII!!  #ronaldo #frisbee #trickshot #b9omerang,Frisbiano Ronaldo,2024-11-07T22:48:20Z,418868,4975,102,Overall,overall flying disc | overall frisbee
aNCuZJe1zQk,Best Ultimate Frisbee Highlights | Part 1,Everything Ultimate,2015-05-30T19:00:00Z,2176847,14031,327,Overall,overall flying disc | overall frisbee
wAxf8YqoXgA,Can The World Record Frisbee Fly The Length Of This Stadium?,How Ridiculous,2021-09-10T22:00:17Z,6025376,82183,3886,Overall,overall flying disc | overall frisbee
_C5SJPgZD-U,The RAW Cone Flying Disc 🥏💨💨,RawPapersOfficial,2024-09-03T15:25:54Z,286679,9539,59,Overall,overall flying disc | overall frisbee
_jEa6LKpnxs,how’s this thing affect a discs flight?!🤔🥏,J-Milly Disc Golf,2024-10-21T17:49:37Z,923923,36209,217,Overall,overall flying disc | overall frisbee
SikO-wqr2RU,The superior flying disc 🥏 #waboba #frisbee #discgolf #trickshot #silicone,Waboba,2025-10-10T16:00:52Z,43783,219,6,Overall,overall flying disc | overall frisbee
6G8Iaf5X-dE,"Caleb Hall throws the World’s Longest Recorded Ace. North Cove DGC. Star Destroyer, 611 ft! #shorts",Innova Discs,2023-03-23T18:34:11Z,3261171,84039,1434,Overall,overall flying disc | overall frisbee
DipTwQXomuM,&quot;TOSY Flying Disc – RGB Lights &amp; Smart Modes for Epic Night Fun! 🌈✨&quot; #maanivstech #tech #amazon,MaaniVsTech,2025-01-17T13:39:52Z,9117,59,1,Overall,overall flying disc | overall frisbee
_2km8y_vALk,Jeremy Koling Huge Disc Golf Drive at the Japan Open! 🥏💪,Disc Golf United,2023-05-20T01:54:37Z,1119454,8509,140,Overall,overall flying disc | overall frisbee
